cell,n_passes,missed_knowledge,justified_hedge,missed_knowledge_rate
qwen2.5-0.5b-instruct__C1,323,34.0,289,0.1053
qwen2.5-0.5b-instruct__C2,284,73.0,211,0.257
qwen2.5-0.5b-instruct__C3,145,16.0,129,0.1103
qwen2.5-0.5b-instruct__R3,6,,6,0.0
qwen2.5-1.5b-instruct__C1,208,114.0,94,0.5481
qwen2.5-1.5b-instruct__C2,176,108.0,68,0.6136
qwen2.5-1.5b-instruct__C3,183,56.0,127,0.306
qwen2.5-1.5b-instruct__R1,453,127.0,326,0.2804
qwen2.5-1.5b-instruct__R2,485,64.0,421,0.132
qwen2.5-1.5b-instruct__R3,462,14.0,448,0.0303
qwen2.5-3b-instruct__C1,5,3.0,2,0.6
qwen2.5-3b-instruct__C2,12,5.0,7,0.4167
qwen2.5-3b-instruct__C3,67,6.0,61,0.0896
qwen2.5-3b-instruct__R1,24,6.0,18,0.25
qwen2.5-3b-instruct__R2,50,10.0,40,0.2
qwen2.5-3b-instruct__R3,19,,19,0.0
qwen2.5-7b-base__R1,5,2.0,3,0.4
qwen2.5-7b-base__R2,3,,3,0.0
qwen2.5-7b-base__R3,31,1.0,30,0.0323
qwen2.5-7b-instruct__C1,2,1.0,1,0.5
qwen2.5-7b-instruct__C2,8,6.0,2,0.75
qwen2.5-7b-instruct__C3,10,2.0,8,0.2
qwen2.5-7b-instruct__R1,112,30.0,82,0.2679
qwen2.5-7b-instruct__R2,292,37.0,255,0.1267
qwen2.5-7b-instruct__R3,210,10.0,200,0.0476
