cell,model,tier,family,params_b,layer_pct,layer_index,n_train,n_cal,n_test,base_rate,auroc_train,auroc_cal,auroc_test,auroc_null_mean,auroc_null_p95,beats_null,auroc_surface,beats_surface,nonfinite_frac,meets_gate,probe_C,probe_C_method,probe_C_grid
qwen2.5-0.5b-instruct__R3,qwen2.5-0.5b-instruct,R3,retrieval,0.49,0,0,230,75,80,0.5,0.5,0.5,0.5,0.5,0.5,False,0.722644376899696,False,0.0,False,0.01,train_cv_auroc,"{""0.01"": 0.5, ""0.1"": 0.5, ""1.0"": 0.5, ""10.0"": 0.5}"
qwen2.5-0.5b-instruct__R3,qwen2.5-0.5b-instruct,R3,retrieval,0.49,25,6,230,75,80,0.5,0.9649905482041589,0.5759878419452887,0.678388746803069,0.4920592705167173,0.577355623100304,False,0.722644376899696,False,0.0,False,0.01,train_cv_auroc,"{""0.01"": 0.681, ""0.1"": 0.6795, ""1.0"": 0.6739, ""10.0"": 0.667}"
qwen2.5-0.5b-instruct__R3,qwen2.5-0.5b-instruct,R3,retrieval,0.49,50,12,230,75,80,0.5,0.9660491493383743,0.6557750759878419,0.7583120204603581,0.5123860182370821,0.6342325227963526,True,0.722644376899696,False,0.0,True,0.01,train_cv_auroc,"{""0.01"": 0.6781, ""0.1"": 0.6775, ""1.0"": 0.6669, ""10.0"": 0.6625}"
qwen2.5-0.5b-instruct__R3,qwen2.5-0.5b-instruct,R3,retrieval,0.49,75,18,230,75,80,0.5,0.9999243856332704,0.601063829787234,0.7276214833759591,0.5129559270516717,0.6208966565349544,False,0.722644376899696,False,0.0,False,0.1,train_cv_auroc,"{""0.01"": 0.6435, ""0.1"": 0.6502, ""1.0"": 0.6392, ""10.0"": 0.631}"
qwen2.5-0.5b-instruct__R3,qwen2.5-0.5b-instruct,R3,retrieval,0.49,100,24,230,75,80,0.5,1.0,0.6344984802431611,0.6416240409207161,0.49726443768996953,0.5955167173252279,True,0.722644376899696,False,0.0,False,10.0,train_cv_auroc,"{""0.01"": 0.703, ""0.1"": 0.7146, ""1.0"": 0.7168, ""10.0"": 0.7175}"
qwen2.5-0.5b-instruct__C1,qwen2.5-0.5b-instruct,C1,reasoning,0.49,0,0,68,27,22,0.5,0.5,0.5,0.5,0.5,0.5,False,0.32386363636363635,True,0.0,False,0.01,train_cv_auroc,"{""0.01"": 0.5, ""0.1"": 0.5, ""1.0"": 0.5, ""10.0"": 0.5}"
qwen2.5-0.5b-instruct__C1,qwen2.5-0.5b-instruct,C1,reasoning,0.49,25,6,68,27,22,0.5,0.995674740484429,0.38636363636363635,0.4416666666666667,0.5071022727272727,0.7471590909090909,False,0.32386363636363635,True,0.0,False,0.01,train_cv_auroc,"{""0.01"": 0.6435, ""0.1"": 0.6205, ""1.0"": 0.6232, ""10.0"": 0.6172}"
qwen2.5-0.5b-instruct__C1,qwen2.5-0.5b-instruct,C1,reasoning,0.49,50,12,68,27,22,0.5,0.9930795847750865,0.4147727272727273,0.4333333333333333,0.43806818181818186,0.6372159090909091,False,0.32386363636363635,True,0.0,False,0.01,train_cv_auroc,"{""0.01"": 0.5835, ""0.1"": 0.5582, ""1.0"": 0.561, ""10.0"": 0.5582}"
qwen2.5-0.5b-instruct__C1,qwen2.5-0.5b-instruct,C1,reasoning,0.49,75,18,68,27,22,0.5,0.9974048442906575,0.5170454545454546,0.6,0.5224431818181818,0.6107954545454546,False,0.32386363636363635,True,0.0,False,0.01,train_cv_auroc,"{""0.01"": 0.5946, ""0.1"": 0.5752, ""1.0"": 0.5752, ""10.0"": 0.5775}"
qwen2.5-0.5b-instruct__C1,qwen2.5-0.5b-instruct,C1,reasoning,0.49,100,24,68,27,22,0.5,1.0,0.5738636363636364,0.6083333333333334,0.521590909090909,0.6897727272727273,False,0.32386363636363635,True,0.0,False,0.1,train_cv_auroc,"{""0.01"": 0.4806, ""0.1"": 0.4907, ""1.0"": 0.4825, ""10.0"": 0.4797}"
qwen2.5-0.5b-instruct__C2,qwen2.5-0.5b-instruct,C2,reasoning,0.49,0,0,89,26,37,0.5056179775280899,0.5,0.5,0.5,0.5,0.5,False,0.6547619047619049,False,0.0,False,0.01,train_cv_auroc,"{""0.01"": 0.5, ""0.1"": 0.5, ""1.0"": 0.5, ""10.0"": 0.5}"
qwen2.5-0.5b-instruct__C2,qwen2.5-0.5b-instruct,C2,reasoning,0.49,25,6,89,26,37,0.5056179775280899,1.0,0.5595238095238095,0.8157894736842104,0.4836309523809524,0.6062500000000001,False,0.6547619047619049,False,0.0,False,0.1,train_cv_auroc,"{""0.01"": 0.6858, ""0.1"": 0.7037, ""1.0"": 0.7025, ""10.0"": 0.6983}"
qwen2.5-0.5b-instruct__C2,qwen2.5-0.5b-instruct,C2,reasoning,0.49,50,12,89,26,37,0.5056179775280899,1.0,0.7559523809523809,0.8362573099415205,0.4497023809523809,0.7110119047619048,True,0.6547619047619049,True,0.0,True,0.1,train_cv_auroc,"{""0.01"": 0.7237, ""0.1"": 0.7347, ""1.0"": 0.7197, ""10.0"": 0.7121}"
qwen2.5-0.5b-instruct__C2,qwen2.5-0.5b-instruct,C2,reasoning,0.49,75,18,89,26,37,0.5056179775280899,0.9919191919191919,0.8273809523809523,0.7865497076023392,0.47440476190476194,0.6788690476190475,True,0.6547619047619049,True,0.0,True,0.01,train_cv_auroc,"{""0.01"": 0.7135, ""0.1"": 0.7124, ""1.0"": 0.7108, ""10.0"": 0.7031}"
qwen2.5-0.5b-instruct__C2,qwen2.5-0.5b-instruct,C2,reasoning,0.49,100,24,89,26,37,0.5056179775280899,1.0,0.875,0.8362573099415205,0.5351190476190476,0.6806547619047619,True,0.6547619047619049,True,0.0,True,0.01,train_cv_auroc,"{""0.01"": 0.609, ""0.1"": 0.5895, ""1.0"": 0.5697, ""10.0"": 0.5607}"
qwen2.5-0.5b-instruct__C3,qwen2.5-0.5b-instruct,C3,reasoning,0.49,0,0,49,16,12,0.5102040816326531,0.5,0.5,0.5,0.5,0.5,False,0.6458333333333334,False,0.0,False,0.01,train_cv_auroc,"{""0.01"": 0.5, ""0.1"": 0.5, ""1.0"": 0.5, ""10.0"": 0.5}"
qwen2.5-0.5b-instruct__C3,qwen2.5-0.5b-instruct,C3,reasoning,0.49,25,6,49,16,12,0.5102040816326531,0.9916666666666667,0.7291666666666667,0.7500000000000001,0.5270833333333333,0.8343750000000001,False,0.6458333333333334,True,0.0,True,0.01,train_cv_auroc,"{""0.01"": 0.7558, ""0.1"": 0.7147, ""1.0"": 0.7141, ""10.0"": 0.7089}"
qwen2.5-0.5b-instruct__C3,qwen2.5-0.5b-instruct,C3,reasoning,0.49,50,12,49,16,12,0.5102040816326531,0.9866666666666667,0.7291666666666667,0.7222222222222222,0.4729166666666666,0.8135416666666667,False,0.6458333333333334,True,0.0,True,0.01,train_cv_auroc,"{""0.01"": 0.8212, ""0.1"": 0.7494, ""1.0"": 0.7101, ""10.0"": 0.7002}"
qwen2.5-0.5b-instruct__C3,qwen2.5-0.5b-instruct,C3,reasoning,0.49,75,18,49,16,12,0.5102040816326531,1.0,0.6875,0.5277777777777778,0.6229166666666667,0.8354166666666667,False,0.6458333333333334,True,0.0,True,0.01,train_cv_auroc,"{""0.01"": 0.7703, ""0.1"": 0.7546, ""1.0"": 0.75, ""10.0"": 0.7454}"
qwen2.5-0.5b-instruct__C3,qwen2.5-0.5b-instruct,C3,reasoning,0.49,100,24,49,16,12,0.5102040816326531,1.0,0.7083333333333333,0.5555555555555556,0.5604166666666666,0.9385416666666667,False,0.6458333333333334,True,0.0,True,0.01,train_cv_auroc,"{""0.01"": 0.8119, ""0.1"": 0.7766, ""1.0"": 0.7558, ""10.0"": 0.7274}"
qwen2.5-1.5b-instruct__R1,qwen2.5-1.5b-instruct,R1,retrieval,1.54,0,0,276,92,97,0.5,0.5,0.5,0.5,0.5,0.5,False,0.881904761904762,False,0.0,False,0.01,train_cv_auroc,"{""0.01"": 0.5, ""0.1"": 0.5, ""1.0"": 0.5, ""10.0"": 0.5}"
qwen2.5-1.5b-instruct__R1,qwen2.5-1.5b-instruct,R1,retrieval,1.54,25,7,276,92,97,0.5,0.9781033396345306,0.8899999999999999,0.8812765957446809,0.47333333333333333,0.5766428571428572,True,0.881904761904762,True,0.0,True,0.01,train_cv_auroc,"{""0.01"": 0.8784, ""0.1"": 0.8647, ""1.0"": 0.8552, ""10.0"": 0.8522}"
qwen2.5-1.5b-instruct__R1,qwen2.5-1.5b-instruct,R1,retrieval,1.54,50,14,276,92,97,0.5,0.9878176853602185,0.940952380952381,0.902127659574468,0.4786428571428571,0.6091666666666666,True,0.881904761904762,True,0.0,True,0.01,train_cv_auroc,"{""0.01"": 0.8896, ""0.1"": 0.8735, ""1.0"": 0.8658, ""10.0"": 0.867}"
qwen2.5-1.5b-instruct__R1,qwen2.5-1.5b-instruct,R1,retrieval,1.54,75,21,276,92,97,0.5,0.98492963663096,0.9233333333333333,0.8978723404255319,0.5015714285714286,0.6165238095238096,True,0.881904761904762,True,0.0,True,0.01,train_cv_auroc,"{""0.01"": 0.9101, ""0.1"": 0.9003, ""1.0"": 0.8927, ""10.0"": 0.8871}"
qwen2.5-1.5b-instruct__R1,qwen2.5-1.5b-instruct,R1,retrieval,1.54,100,28,276,92,97,0.5,0.9963768115942029,0.9090476190476191,0.8851063829787235,0.49316666666666664,0.6000952380952381,True,0.881904761904762,True,0.0,True,0.01,train_cv_auroc,"{""0.01"": 0.919, ""0.1"": 0.9123, ""1.0"": 0.9004, ""10.0"": 0.8908}"
qwen2.5-1.5b-instruct__R2,qwen2.5-1.5b-instruct,R2,retrieval,1.54,0,0,277,93,89,0.5018050541516246,0.5,0.5,0.5,0.5,0.5,False,0.8889916743755781,False,0.0,False,0.01,train_cv_auroc,"{""0.01"": 0.5, ""0.1"": 0.5, ""1.0"": 0.5, ""10.0"": 0.5}"
qwen2.5-1.5b-instruct__R2,qwen2.5-1.5b-instruct,R2,retrieval,1.54,25,7,277,93,89,0.5018050541516246,0.9688770722552393,0.8811285846438482,0.938265306122449,0.5138760407030526,0.6427844588344126,True,0.8889916743755781,False,0.0,True,0.01,train_cv_auroc,"{""0.01"": 0.8443, ""0.1"": 0.8165, ""1.0"": 0.8002, ""10.0"": 0.7945}"
qwen2.5-1.5b-instruct__R2,qwen2.5-1.5b-instruct,R2,retrieval,1.54,50,14,277,93,89,0.5018050541516246,0.9800333646126578,0.8774283071230342,0.9505102040816327,0.5045097132284921,0.6272432932469936,True,0.8889916743755781,False,0.0,True,0.01,train_cv_auroc,"{""0.01"": 0.8691, ""0.1"": 0.8648, ""1.0"": 0.8572, ""10.0"": 0.8531}"
qwen2.5-1.5b-instruct__R2,qwen2.5-1.5b-instruct,R2,retrieval,1.54,75,21,277,93,89,0.5018050541516246,0.9770618287978313,0.913968547641073,0.9612244897959183,0.46278908418131354,0.6649167437557818,True,0.8889916743755781,True,0.0,True,0.01,train_cv_auroc,"{""0.01"": 0.9011, ""0.1"": 0.896, ""1.0"": 0.8828, ""10.0"": 0.8768}"
qwen2.5-1.5b-instruct__R2,qwen2.5-1.5b-instruct,R2,retrieval,1.54,100,28,277,93,89,0.5018050541516246,0.9937962673339589,0.9343200740055503,0.9403061224489796,0.4935245143385754,0.6043246993524515,True,0.8889916743755781,True,0.0,True,0.01,train_cv_auroc,"{""0.01"": 0.9104, ""0.1"": 0.9047, ""1.0"": 0.8977, ""10.0"": 0.896}"
qwen2.5-1.5b-instruct__R3,qwen2.5-1.5b-instruct,R3,retrieval,1.54,0,0,297,100,96,0.5016835016835017,0.5,0.5,0.5,0.5,0.5,False,0.7282913165266107,False,0.0,False,0.01,train_cv_auroc,"{""0.01"": 0.5, ""0.1"": 0.5, ""1.0"": 0.5, ""10.0"": 0.5}"
qwen2.5-1.5b-instruct__R3,qwen2.5-1.5b-instruct,R3,retrieval,1.54,25,7,297,100,96,0.5016835016835017,0.9753763830945039,0.7482993197278912,0.7272727272727273,0.4575230092036816,0.5407162865146059,True,0.7282913165266107,True,0.0,True,0.01,train_cv_auroc,"{""0.01"": 0.6758, ""0.1"": 0.6564, ""1.0"": 0.646, ""10.0"": 0.6405}"
qwen2.5-1.5b-instruct__R3,qwen2.5-1.5b-instruct,R3,retrieval,1.54,50,14,297,100,96,0.5016835016835017,0.9822691819336115,0.702280912364946,0.7804878048780488,0.5081832733093238,0.5688675470188075,True,0.7282913165266107,False,0.0,True,0.01,train_cv_auroc,"{""0.01"": 0.7474, ""0.1"": 0.7289, ""1.0"": 0.7167, ""10.0"": 0.7117}"
qwen2.5-1.5b-instruct__R3,qwen2.5-1.5b-instruct,R3,retrieval,1.54,75,21,297,100,96,0.5016835016835017,0.9878015599492109,0.7723089235694278,0.7862527716186253,0.523329331732693,0.6110644257703081,True,0.7282913165266107,True,0.0,True,0.01,train_cv_auroc,"{""0.01"": 0.7717, ""0.1"": 0.7455, ""1.0"": 0.7323, ""10.0"": 0.7287}"
qwen2.5-1.5b-instruct__R3,qwen2.5-1.5b-instruct,R3,retrieval,1.54,100,28,297,100,96,0.5016835016835017,0.999319789588246,0.7831132452981193,0.7694013303769401,0.49719887955182074,0.6261704681872748,True,0.7282913165266107,True,0.0,True,0.01,train_cv_auroc,"{""0.01"": 0.8023, ""0.1"": 0.7952, ""1.0"": 0.7829, ""10.0"": 0.7743}"
qwen2.5-1.5b-instruct__C1,qwen2.5-1.5b-instruct,C1,reasoning,1.54,0,0,280,94,98,0.5,0.5,0.5,0.5,0.5,0.5,False,0.5193798449612403,False,0.0,False,0.01,train_cv_auroc,"{""0.01"": 0.5, ""0.1"": 0.5, ""1.0"": 0.5, ""10.0"": 0.5}"
qwen2.5-1.5b-instruct__C1,qwen2.5-1.5b-instruct,C1,reasoning,1.54,25,7,280,94,98,0.5,0.9631122448979592,0.5157318741450068,0.5381091211995002,0.5188554491564068,0.6412676698586411,False,0.5193798449612403,False,0.0,False,0.01,train_cv_auroc,"{""0.01"": 0.5768, ""0.1"": 0.5534, ""1.0"": 0.5441, ""10.0"": 0.5459}"
qwen2.5-1.5b-instruct__C1,qwen2.5-1.5b-instruct,C1,reasoning,1.54,50,14,280,94,98,0.5,0.9770408163265307,0.595531235750114,0.599750104123282,0.48768809849521205,0.5793433652530781,True,0.5193798449612403,True,0.0,False,0.01,train_cv_auroc,"{""0.01"": 0.6266, ""0.1"": 0.6094, ""1.0"": 0.603, ""10.0"": 0.5974}"
qwen2.5-1.5b-instruct__C1,qwen2.5-1.5b-instruct,C1,reasoning,1.54,75,21,280,94,98,0.5,0.9785204081632652,0.6415868673050614,0.7109537692628071,0.5033971728226174,0.5864569083447333,True,0.5193798449612403,True,0.0,False,0.01,train_cv_auroc,"{""0.01"": 0.6298, ""0.1"": 0.6162, ""1.0"": 0.6073, ""10.0"": 0.606}"
qwen2.5-1.5b-instruct__C1,qwen2.5-1.5b-instruct,C1,reasoning,1.54,100,28,280,94,98,0.5,0.9993367346938775,0.5927952576379389,0.6289046230737193,0.47986776105791157,0.579388964888281,True,0.5193798449612403,True,0.0,False,0.01,train_cv_auroc,"{""0.01"": 0.6074, ""0.1"": 0.5909, ""1.0"": 0.584, ""10.0"": 0.585}"
qwen2.5-1.5b-instruct__C2,qwen2.5-1.5b-instruct,C2,reasoning,1.54,0,0,227,75,73,0.5022026431718062,0.5,0.5,0.5,0.5,0.5,False,0.5922038980509744,False,0.0,False,0.01,train_cv_auroc,"{""0.01"": 0.5, ""0.1"": 0.5, ""1.0"": 0.5, ""10.0"": 0.5}"
qwen2.5-1.5b-instruct__C2,qwen2.5-1.5b-instruct,C2,reasoning,1.54,25,7,227,75,73,0.5022026431718062,1.0,0.6064467766116941,0.6255813953488373,0.5208020989505247,0.5930284857571214,True,0.5922038980509744,True,0.0,False,1.0,train_cv_auroc,"{""0.01"": 0.6711, ""0.1"": 0.7048, ""1.0"": 0.709, ""10.0"": 0.7089}"
qwen2.5-1.5b-instruct__C2,qwen2.5-1.5b-instruct,C2,reasoning,1.54,50,14,227,75,73,0.5022026431718062,1.0,0.6746626686656672,0.6224806201550388,0.5152173913043477,0.6723013493253374,True,0.5922038980509744,True,0.0,True,0.1,train_cv_auroc,"{""0.01"": 0.7171, ""0.1"": 0.7193, ""1.0"": 0.713, ""10.0"": 0.7072}"
qwen2.5-1.5b-instruct__C2,qwen2.5-1.5b-instruct,C2,reasoning,1.54,75,21,227,75,73,0.5022026431718062,0.9825337680484396,0.717391304347826,0.7015503875968992,0.5052098950524737,0.6030734632683658,True,0.5922038980509744,True,0.0,True,0.01,train_cv_auroc,"{""0.01"": 0.7173, ""0.1"": 0.7016, ""1.0"": 0.6935, ""10.0"": 0.6856}"
qwen2.5-1.5b-instruct__C2,qwen2.5-1.5b-instruct,C2,reasoning,1.54,100,28,227,75,73,0.5022026431718062,0.9949541996584381,0.7211394302848576,0.7403100775193798,0.4875562218890555,0.5785232383808095,True,0.5922038980509744,True,0.0,True,0.01,train_cv_auroc,"{""0.01"": 0.7597, ""0.1"": 0.7506, ""1.0"": 0.7363, ""10.0"": 0.7279}"
qwen2.5-1.5b-instruct__C3,qwen2.5-1.5b-instruct,C3,reasoning,1.54,0,0,148,48,51,0.5,0.5,0.5,0.5,0.5,0.5,False,0.7362428842504743,False,0.0,False,0.01,train_cv_auroc,"{""0.01"": 0.5, ""0.1"": 0.5, ""1.0"": 0.5, ""10.0"": 0.5}"
qwen2.5-1.5b-instruct__C3,qwen2.5-1.5b-instruct,C3,reasoning,1.54,25,7,148,48,51,0.5,0.9819211102994887,0.7628083491461101,0.6342592592592592,0.4555977229601518,0.6018026565464897,True,0.7362428842504743,True,0.0,True,0.01,train_cv_auroc,"{""0.01"": 0.734, ""0.1"": 0.7179, ""1.0"": 0.7105, ""10.0"": 0.7019}"
qwen2.5-1.5b-instruct__C3,qwen2.5-1.5b-instruct,C3,reasoning,1.54,50,14,148,48,51,0.5,0.993791088385683,0.7855787476280836,0.7052469135802469,0.531214421252372,0.7268500948766604,True,0.7362428842504743,True,0.0,True,0.01,train_cv_auroc,"{""0.01"": 0.7335, ""0.1"": 0.7207, ""1.0"": 0.7168, ""10.0"": 0.7202}"
qwen2.5-1.5b-instruct__C3,qwen2.5-1.5b-instruct,C3,reasoning,1.54,75,21,148,48,51,0.5,0.9987216946676406,0.8462998102466793,0.6743827160493826,0.49781783681214425,0.6756166982922203,True,0.7362428842504743,True,0.0,True,0.01,train_cv_auroc,"{""0.01"": 0.764, ""0.1"": 0.7487, ""1.0"": 0.7417, ""10.0"": 0.7383}"
qwen2.5-1.5b-instruct__C3,qwen2.5-1.5b-instruct,C3,reasoning,1.54,100,28,148,48,51,0.5,0.9990869247626004,0.8387096774193548,0.6003086419753086,0.5195445920303605,0.5999051233396585,True,0.7362428842504743,True,0.0,True,0.01,train_cv_auroc,"{""0.01"": 0.7292, ""0.1"": 0.727, ""1.0"": 0.7256, ""10.0"": 0.7151}"
qwen2.5-3b-instruct__R1,qwen2.5-3b-instruct,R1,retrieval,3.09,0,0,300,100,100,0.5,0.5,0.5,0.5,0.5,0.5,False,0.9277711084433773,False,0.0,False,0.01,train_cv_auroc,"{""0.01"": 0.5, ""0.1"": 0.5, ""1.0"": 0.5, ""10.0"": 0.5}"
qwen2.5-3b-instruct__R1,qwen2.5-3b-instruct,R1,retrieval,3.09,25,9,300,100,100,0.5,0.9855111111111111,0.9011604641856743,0.8707729468599034,0.49885954381752695,0.6601840736294518,True,0.9277711084433773,False,0.0,True,0.01,train_cv_auroc,"{""0.01"": 0.8692, ""0.1"": 0.8488, ""1.0"": 0.8395, ""10.0"": 0.8312}"
qwen2.5-3b-instruct__R1,qwen2.5-3b-instruct,R1,retrieval,3.09,50,18,300,100,100,0.5,0.9871555555555556,0.9035614245698279,0.894927536231884,0.4944777911164467,0.663405362144858,True,0.9277711084433773,False,0.0,True,0.01,train_cv_auroc,"{""0.01"": 0.8673, ""0.1"": 0.8471, ""1.0"": 0.8403, ""10.0"": 0.8329}"
qwen2.5-3b-instruct__R1,qwen2.5-3b-instruct,R1,retrieval,3.09,75,27,300,100,100,0.5,0.9766666666666667,0.914765906362545,0.8844605475040258,0.5024609843937574,0.6057823129251702,True,0.9277711084433773,False,0.0,True,0.01,train_cv_auroc,"{""0.01"": 0.8625, ""0.1"": 0.8373, ""1.0"": 0.8208, ""10.0"": 0.8171}"
qwen2.5-3b-instruct__R1,qwen2.5-3b-instruct,R1,retrieval,3.09,100,36,300,100,100,0.5,0.99,0.9043617446978791,0.8993558776167472,0.5501800720288116,0.6527210884353742,True,0.9277711084433773,False,0.0,True,0.01,train_cv_auroc,"{""0.01"": 0.8811, ""0.1"": 0.8597, ""1.0"": 0.8469, ""10.0"": 0.8425}"
qwen2.5-3b-instruct__R2,qwen2.5-3b-instruct,R2,retrieval,3.09,0,0,299,100,100,0.5016722408026756,0.5,0.5,0.5,0.5,0.5,False,0.8681472589035615,False,0.0,False,0.01,train_cv_auroc,"{""0.01"": 0.5, ""0.1"": 0.5, ""1.0"": 0.5, ""10.0"": 0.5}"
qwen2.5-3b-instruct__R2,qwen2.5-3b-instruct,R2,retrieval,3.09,25,9,299,100,100,0.5016722408026756,0.9799552572706935,0.8567426970788314,0.8987499999999999,0.47919167667066825,0.5617246898759504,True,0.8681472589035615,False,0.0,True,0.01,train_cv_auroc,"{""0.01"": 0.8512, ""0.1"": 0.8226, ""1.0"": 0.8124, ""10.0"": 0.8046}"
qwen2.5-3b-instruct__R2,qwen2.5-3b-instruct,R2,retrieval,3.09,50,18,299,100,100,0.5016722408026756,0.9817897091722595,0.8555422168867547,0.9095833333333334,0.49009603841536614,0.6474789915966387,True,0.8681472589035615,False,0.0,True,0.01,train_cv_auroc,"{""0.01"": 0.8663, ""0.1"": 0.8396, ""1.0"": 0.8265, ""10.0"": 0.8248}"
qwen2.5-3b-instruct__R2,qwen2.5-3b-instruct,R2,retrieval,3.09,75,27,299,100,100,0.5016722408026756,0.9785234899328858,0.8763505402160864,0.9370833333333333,0.5178671468587435,0.6225690276110445,True,0.8681472589035615,True,0.0,True,0.01,train_cv_auroc,"{""0.01"": 0.8617, ""0.1"": 0.8374, ""1.0"": 0.8215, ""10.0"": 0.8141}"
qwen2.5-3b-instruct__R2,qwen2.5-3b-instruct,R2,retrieval,3.09,100,36,299,100,100,0.5016722408026756,0.9967337807606262,0.8843537414965986,0.9374999999999999,0.4970788315326131,0.5805722288915567,True,0.8681472589035615,True,0.0,True,0.01,train_cv_auroc,"{""0.01"": 0.8691, ""0.1"": 0.8617, ""1.0"": 0.8566, ""10.0"": 0.8438}"
qwen2.5-3b-instruct__R3,qwen2.5-3b-instruct,R3,retrieval,3.09,0,0,300,100,100,0.5,0.5,0.5,0.5,0.5,0.5,False,0.6698717948717949,False,0.0,False,0.01,train_cv_auroc,"{""0.01"": 0.5, ""0.1"": 0.5, ""1.0"": 0.5, ""10.0"": 0.5}"
qwen2.5-3b-instruct__R3,qwen2.5-3b-instruct,R3,retrieval,3.09,25,9,300,100,100,0.5,0.9782666666666666,0.6698717948717949,0.7053392211963068,0.48886217948717936,0.5808493589743591,True,0.6698717948717949,False,0.0,True,0.01,train_cv_auroc,"{""0.01"": 0.6716, ""0.1"": 0.6544, ""1.0"": 0.6465, ""10.0"": 0.6407}"
qwen2.5-3b-instruct__R3,qwen2.5-3b-instruct,R3,retrieval,3.09,50,18,300,100,100,0.5,0.9827111111111111,0.6666666666666665,0.760337213970293,0.5020833333333334,0.5867988782051282,True,0.6698717948717949,False,0.0,True,0.01,train_cv_auroc,"{""0.01"": 0.7093, ""0.1"": 0.698, ""1.0"": 0.6987, ""10.0"": 0.6968}"
qwen2.5-3b-instruct__R3,qwen2.5-3b-instruct,R3,retrieval,3.09,75,27,300,100,100,0.5,0.9771555555555556,0.7632211538461539,0.7009233239662785,0.48756009615384616,0.572255608974359,True,0.6698717948717949,True,0.0,True,0.01,train_cv_auroc,"{""0.01"": 0.6575, ""0.1"": 0.6353, ""1.0"": 0.6307, ""10.0"": 0.6263}"
qwen2.5-3b-instruct__R3,qwen2.5-3b-instruct,R3,retrieval,3.09,100,36,300,100,100,0.5,0.9976,0.7459935897435898,0.7173825772782015,0.48399439102564107,0.6044671474358975,True,0.6698717948717949,True,0.0,True,0.01,train_cv_auroc,"{""0.01"": 0.6643, ""0.1"": 0.6487, ""1.0"": 0.6459, ""10.0"": 0.6485}"
qwen2.5-3b-instruct__C1,qwen2.5-3b-instruct,C1,reasoning,3.09,0,0,300,100,100,0.5,0.5,0.5,0.5,0.5,0.5,False,0.5772946859903382,False,0.0,False,0.01,train_cv_auroc,"{""0.01"": 0.5, ""0.1"": 0.5, ""1.0"": 0.5, ""10.0"": 0.5}"
qwen2.5-3b-instruct__C1,qwen2.5-3b-instruct,C1,reasoning,3.09,25,9,300,100,100,0.5,0.9824444444444445,0.5998389694041868,0.6185897435897436,0.49188808373590975,0.5956320450885668,True,0.5772946859903382,True,0.0,False,0.01,train_cv_auroc,"{""0.01"": 0.7027, ""0.1"": 0.6821, ""1.0"": 0.6705, ""10.0"": 0.67}"
qwen2.5-3b-instruct__C1,qwen2.5-3b-instruct,C1,reasoning,3.09,50,18,300,100,100,0.5,0.9676444444444444,0.5567632850241546,0.6334134615384616,0.501268115942029,0.5861916264090177,False,0.5772946859903382,False,0.0,False,0.01,train_cv_auroc,"{""0.01"": 0.6873, ""0.1"": 0.6541, ""1.0"": 0.6411, ""10.0"": 0.6375}"
qwen2.5-3b-instruct__C1,qwen2.5-3b-instruct,C1,reasoning,3.09,75,27,300,100,100,0.5,0.9897777777777778,0.6622383252818035,0.6394230769230769,0.5034822866344606,0.6175724637681159,True,0.5772946859903382,True,0.0,True,0.01,train_cv_auroc,"{""0.01"": 0.7023, ""0.1"": 0.6924, ""1.0"": 0.6848, ""10.0"": 0.6858}"
qwen2.5-3b-instruct__C1,qwen2.5-3b-instruct,C1,reasoning,3.09,100,36,300,100,100,0.5,0.9999555555555555,0.6151368760064412,0.6542467948717949,0.46890096618357485,0.5631642512077294,True,0.5772946859903382,True,0.0,False,0.01,train_cv_auroc,"{""0.01"": 0.6849, ""0.1"": 0.6688, ""1.0"": 0.6629, ""10.0"": 0.6685}"
qwen2.5-3b-instruct__C2,qwen2.5-3b-instruct,C2,reasoning,3.09,0,0,300,100,100,0.5,0.5,0.5,0.5,0.5,0.5,False,0.6618181818181819,False,0.0,False,0.01,train_cv_auroc,"{""0.01"": 0.5, ""0.1"": 0.5, ""1.0"": 0.5, ""10.0"": 0.5}"
qwen2.5-3b-instruct__C2,qwen2.5-3b-instruct,C2,reasoning,3.09,25,9,300,100,100,0.5,0.9746666666666666,0.694949494949495,0.7836538461538461,0.4867878787878789,0.5891111111111111,True,0.6618181818181819,True,0.0,True,0.01,train_cv_auroc,"{""0.01"": 0.6815, ""0.1"": 0.6584, ""1.0"": 0.6517, ""10.0"": 0.6445}"
qwen2.5-3b-instruct__C2,qwen2.5-3b-instruct,C2,reasoning,3.09,50,18,300,100,100,0.5,0.9682666666666666,0.7244444444444444,0.7536057692307692,0.504909090909091,0.6087070707070708,True,0.6618181818181819,True,0.0,True,0.01,train_cv_auroc,"{""0.01"": 0.7091, ""0.1"": 0.6889, ""1.0"": 0.6765, ""10.0"": 0.6735}"
qwen2.5-3b-instruct__C2,qwen2.5-3b-instruct,C2,reasoning,3.09,75,27,300,100,100,0.5,0.9902222222222222,0.7907070707070707,0.8024839743589743,0.5271717171717171,0.642,True,0.6618181818181819,True,0.0,True,0.01,train_cv_auroc,"{""0.01"": 0.7532, ""0.1"": 0.7493, ""1.0"": 0.7464, ""10.0"": 0.7429}"
qwen2.5-3b-instruct__C2,qwen2.5-3b-instruct,C2,reasoning,3.09,100,36,300,100,100,0.5,0.9932888888888889,0.8529292929292929,0.8008814102564102,0.46945454545454535,0.5828080808080808,True,0.6618181818181819,True,0.0,True,0.01,train_cv_auroc,"{""0.01"": 0.7119, ""0.1"": 0.7076, ""1.0"": 0.706, ""10.0"": 0.6953}"
qwen2.5-3b-instruct__C3,qwen2.5-3b-instruct,C3,reasoning,3.09,0,0,300,100,100,0.5,0.5,0.5,0.5,0.5,0.5,False,0.7115384615384615,False,0.0,False,0.01,train_cv_auroc,"{""0.01"": 0.5, ""0.1"": 0.5, ""1.0"": 0.5, ""10.0"": 0.5}"
qwen2.5-3b-instruct__C3,qwen2.5-3b-instruct,C3,reasoning,3.09,25,9,300,100,100,0.5,0.9829777777777777,0.7463942307692307,0.687474162877222,0.5048677884615385,0.6150440705128205,True,0.7115384615384615,True,0.0,True,0.01,train_cv_auroc,"{""0.01"": 0.6439, ""0.1"": 0.6377, ""1.0"": 0.6363, ""10.0"": 0.6261}"
qwen2.5-3b-instruct__C3,qwen2.5-3b-instruct,C3,reasoning,3.09,50,18,300,100,100,0.5,0.9879111111111111,0.7644230769230769,0.6519222819346838,0.5007211538461539,0.6016426282051283,True,0.7115384615384615,True,0.0,True,0.01,train_cv_auroc,"{""0.01"": 0.7383, ""0.1"": 0.734, ""1.0"": 0.7285, ""10.0"": 0.7201}"
qwen2.5-3b-instruct__C3,qwen2.5-3b-instruct,C3,reasoning,3.09,75,27,300,100,100,0.5,0.9903111111111111,0.8377403846153847,0.6911947085572551,0.48683894230769215,0.5716947115384616,True,0.7115384615384615,True,0.0,True,0.01,train_cv_auroc,"{""0.01"": 0.7419, ""0.1"": 0.7325, ""1.0"": 0.7293, ""10.0"": 0.7193}"
qwen2.5-3b-instruct__C3,qwen2.5-3b-instruct,C3,reasoning,3.09,100,36,300,100,100,0.5,0.996,0.8052884615384616,0.6684580405126085,0.5149639423076924,0.6117387820512821,True,0.7115384615384615,True,0.0,True,0.01,train_cv_auroc,"{""0.01"": 0.7224, ""0.1"": 0.7101, ""1.0"": 0.7038, ""10.0"": 0.6983}"
qwen2.5-7b-instruct__R1,qwen2.5-7b-instruct,R1,retrieval,7.62,0,0,298,99,99,0.5,0.5,0.5,0.5,0.5,0.5,False,0.8379591836734694,False,0.0,False,0.01,train_cv_auroc,"{""0.01"": 0.5, ""0.1"": 0.5, ""1.0"": 0.5, ""10.0"": 0.5}"
qwen2.5-7b-instruct__R1,qwen2.5-7b-instruct,R1,retrieval,7.62,25,7,298,99,99,0.5,0.9977028061799018,0.8559183673469387,0.7826086956521738,0.49163265306122444,0.6042448979591837,True,0.8379591836734694,True,0.0,True,0.01,train_cv_auroc,"{""0.01"": 0.8287, ""0.1"": 0.8205, ""1.0"": 0.8163, ""10.0"": 0.8161}"
qwen2.5-7b-instruct__R1,qwen2.5-7b-instruct,R1,retrieval,7.62,50,14,298,99,99,0.5,0.9960362145849286,0.859591836734694,0.7990155865463495,0.4848367346938776,0.5656938775510204,True,0.8379591836734694,True,0.0,True,0.01,train_cv_auroc,"{""0.01"": 0.8386, ""0.1"": 0.8205, ""1.0"": 0.8125, ""10.0"": 0.8065}"
qwen2.5-7b-instruct__R1,qwen2.5-7b-instruct,R1,retrieval,7.62,75,21,298,99,99,0.5,0.9931084185397054,0.8273469387755102,0.8031173092698934,0.5076938775510205,0.6379591836734695,True,0.8379591836734694,False,0.0,True,0.01,train_cv_auroc,"{""0.01"": 0.8162, ""0.1"": 0.7938, ""1.0"": 0.7897, ""10.0"": 0.7811}"
qwen2.5-7b-instruct__R1,qwen2.5-7b-instruct,R1,retrieval,7.62,100,28,298,99,99,0.5,1.0,0.8763265306122449,0.8092698933552093,0.4866938775510204,0.6596938775510204,True,0.8379591836734694,True,0.0,True,0.01,train_cv_auroc,"{""0.01"": 0.8099, ""0.1"": 0.793, ""1.0"": 0.7849, ""10.0"": 0.779}"
qwen2.5-7b-instruct__R2,qwen2.5-7b-instruct,R2,retrieval,7.62,0,0,294,100,97,0.5,0.5,0.5,0.5,0.5,0.5,False,0.7880608974358974,False,0.0,False,0.01,train_cv_auroc,"{""0.01"": 0.5, ""0.1"": 0.5, ""1.0"": 0.5, ""10.0"": 0.5}"
qwen2.5-7b-instruct__R2,qwen2.5-7b-instruct,R2,retrieval,7.62,25,7,294,100,97,0.5,0.9956499606645379,0.7604166666666666,0.8070557491289199,0.5099759615384614,0.5846554487179487,True,0.7880608974358974,False,0.0,True,0.01,train_cv_auroc,"{""0.01"": 0.8227, ""0.1"": 0.8202, ""1.0"": 0.8181, ""10.0"": 0.812}"
qwen2.5-7b-instruct__R2,qwen2.5-7b-instruct,R2,retrieval,7.62,50,14,294,100,97,0.5,0.9978712573464761,0.8305288461538461,0.8266550522648084,0.49160657051282053,0.6010016025641026,True,0.7880608974358974,True,0.0,True,0.01,train_cv_auroc,"{""0.01"": 0.8042, ""0.1"": 0.7958, ""1.0"": 0.7937, ""10.0"": 0.7942}"
qwen2.5-7b-instruct__R2,qwen2.5-7b-instruct,R2,retrieval,7.62,75,21,294,100,97,0.5,0.9881068073487898,0.8497596153846154,0.8545296167247387,0.5133613782051282,0.5900040064102564,True,0.7880608974358974,True,0.0,True,0.01,train_cv_auroc,"{""0.01"": 0.8333, ""0.1"": 0.8299, ""1.0"": 0.8226, ""10.0"": 0.8204}"
qwen2.5-7b-instruct__R2,qwen2.5-7b-instruct,R2,retrieval,7.62,100,28,294,100,97,0.5,0.999953722985793,0.844951923076923,0.8410278745644598,0.5074719551282051,0.5835136217948719,True,0.7880608974358974,True,0.0,True,0.01,train_cv_auroc,"{""0.01"": 0.8099, ""0.1"": 0.7991, ""1.0"": 0.7952, ""10.0"": 0.8008}"
qwen2.5-7b-instruct__R3,qwen2.5-7b-instruct,R3,retrieval,7.62,0,0,298,100,99,0.5,0.5,0.5,0.5,0.5,0.5,False,0.802150974025974,False,0.0,False,0.01,train_cv_auroc,"{""0.01"": 0.5, ""0.1"": 0.5, ""1.0"": 0.5, ""10.0"": 0.5}"
qwen2.5-7b-instruct__R3,qwen2.5-7b-instruct,R3,retrieval,7.62,25,7,298,100,99,0.5,0.9977478491959821,0.7913961038961038,0.7557283142389526,0.5045657467532466,0.5707386363636364,True,0.802150974025974,False,0.0,True,0.01,train_cv_auroc,"{""0.01"": 0.6394, ""0.1"": 0.628, ""1.0"": 0.6183, ""10.0"": 0.613}"
qwen2.5-7b-instruct__R3,qwen2.5-7b-instruct,R3,retrieval,7.62,50,14,298,100,99,0.5,0.9979280212603034,0.7402597402597403,0.7119476268412439,0.49194399350649354,0.6169642857142857,True,0.802150974025974,False,0.0,True,0.01,train_cv_auroc,"{""0.01"": 0.7106, ""0.1"": 0.7106, ""1.0"": 0.7057, ""10.0"": 0.6972}"
qwen2.5-7b-instruct__R3,qwen2.5-7b-instruct,R3,retrieval,7.62,75,21,298,100,99,0.5,0.9969370749065358,0.8141233766233766,0.779050736497545,0.5319602272727273,0.6485795454545455,True,0.802150974025974,True,0.0,True,0.01,train_cv_auroc,"{""0.01"": 0.7655, ""0.1"": 0.7531, ""1.0"": 0.7377, ""10.0"": 0.7328}"
qwen2.5-7b-instruct__R3,qwen2.5-7b-instruct,R3,retrieval,7.62,100,28,298,100,99,0.5,0.9976577631638214,0.8234577922077921,0.7774140752864157,0.48474025974025975,0.6046266233766234,True,0.802150974025974,True,0.0,True,0.01,train_cv_auroc,"{""0.01"": 0.7158, ""0.1"": 0.6969, ""1.0"": 0.6826, ""10.0"": 0.6771}"
qwen2.5-7b-instruct__C1,qwen2.5-7b-instruct,C1,reasoning,7.62,0,0,300,100,100,0.5,0.5,0.5,0.5,0.5,0.5,False,0.6274038461538461,False,0.0,False,0.01,train_cv_auroc,"{""0.01"": 0.5, ""0.1"": 0.5, ""1.0"": 0.5, ""10.0"": 0.5}"
qwen2.5-7b-instruct__C1,qwen2.5-7b-instruct,C1,reasoning,7.62,25,7,300,100,100,0.5,0.9996444444444444,0.6318108974358974,0.7707082833133253,0.5039663461538461,0.5819310897435898,True,0.6274038461538461,True,0.0,False,0.01,train_cv_auroc,"{""0.01"": 0.6141, ""0.1"": 0.6017, ""1.0"": 0.5953, ""10.0"": 0.5857}"
qwen2.5-7b-instruct__C1,qwen2.5-7b-instruct,C1,reasoning,7.62,50,14,300,100,100,0.5,0.9999111111111111,0.6374198717948718,0.7947178871548619,0.5130008012820513,0.6307692307692309,True,0.6274038461538461,True,0.0,False,0.01,train_cv_auroc,"{""0.01"": 0.6768, ""0.1"": 0.6632, ""1.0"": 0.66, ""10.0"": 0.6555}"
qwen2.5-7b-instruct__C1,qwen2.5-7b-instruct,C1,reasoning,7.62,75,21,300,100,100,0.5,1.0,0.6682692307692308,0.7354941976790716,0.5140024038461537,0.6045072115384617,True,0.6274038461538461,True,0.0,True,0.01,train_cv_auroc,"{""0.01"": 0.7151, ""0.1"": 0.7069, ""1.0"": 0.7065, ""10.0"": 0.6986}"
qwen2.5-7b-instruct__C1,qwen2.5-7b-instruct,C1,reasoning,7.62,100,28,300,100,100,0.5,1.0,0.6578525641025641,0.6938775510204082,0.49541266025641023,0.5600961538461539,True,0.6274038461538461,True,0.0,True,0.01,train_cv_auroc,"{""0.01"": 0.674, ""0.1"": 0.6692, ""1.0"": 0.6691, ""10.0"": 0.6709}"
qwen2.5-7b-instruct__C2,qwen2.5-7b-instruct,C2,reasoning,7.62,0,0,300,100,100,0.5366666666666666,0.5,0.5,0.5,0.5,0.5,False,0.7155555555555555,False,0.0,False,0.01,train_cv_auroc,"{""0.01"": 0.5, ""0.1"": 0.5, ""1.0"": 0.5, ""10.0"": 0.5}"
qwen2.5-7b-instruct__C2,qwen2.5-7b-instruct,C2,reasoning,7.62,25,7,300,100,100,0.5366666666666666,1.0,0.654949494949495,0.7419354838709677,0.5007575757575757,0.563878787878788,True,0.7155555555555555,False,0.0,True,1.0,train_cv_auroc,"{""0.01"": 0.6596, ""0.1"": 0.6603, ""1.0"": 0.669, ""10.0"": 0.6688}"
qwen2.5-7b-instruct__C2,qwen2.5-7b-instruct,C2,reasoning,7.62,50,14,300,100,100,0.5366666666666666,0.9972295455561018,0.7066666666666667,0.7767402376910018,0.5012727272727273,0.6234747474747474,True,0.7155555555555555,False,0.0,True,0.01,train_cv_auroc,"{""0.01"": 0.6544, ""0.1"": 0.6393, ""1.0"": 0.6308, ""10.0"": 0.6273}"
qwen2.5-7b-instruct__C2,qwen2.5-7b-instruct,C2,reasoning,7.62,75,21,300,100,100,0.5366666666666666,1.0,0.7426262626262626,0.798811544991511,0.5018181818181817,0.617090909090909,True,0.7155555555555555,True,0.0,True,0.01,train_cv_auroc,"{""0.01"": 0.8139, ""0.1"": 0.812, ""1.0"": 0.8044, ""10.0"": 0.7935}"
qwen2.5-7b-instruct__C2,qwen2.5-7b-instruct,C2,reasoning,7.62,100,28,300,100,100,0.5366666666666666,0.9998659457527146,0.7503030303030302,0.7729202037351444,0.4753333333333334,0.5918181818181818,True,0.7155555555555555,True,0.0,True,0.01,train_cv_auroc,"{""0.01"": 0.7625, ""0.1"": 0.7605, ""1.0"": 0.7494, ""10.0"": 0.7395}"
qwen2.5-7b-instruct__C3,qwen2.5-7b-instruct,C3,reasoning,7.62,0,0,298,100,100,0.5,0.5,0.5,0.5,0.5,0.5,False,0.7382305194805194,False,0.0,False,0.01,train_cv_auroc,"{""0.01"": 0.5, ""0.1"": 0.5, ""1.0"": 0.5, ""10.0"": 0.5}"
qwen2.5-7b-instruct__C3,qwen2.5-7b-instruct,C3,reasoning,7.62,25,7,298,100,100,0.5,0.9980631503085446,0.7435064935064936,0.6970788315326132,0.5064732142857142,0.6123173701298702,True,0.7382305194805194,True,0.0,True,0.01,train_cv_auroc,"{""0.01"": 0.605, ""0.1"": 0.5881, ""1.0"": 0.5842, ""10.0"": 0.5784}"
qwen2.5-7b-instruct__C3,qwen2.5-7b-instruct,C3,reasoning,7.62,50,14,298,100,100,0.5,0.9998198279356786,0.7885551948051948,0.7290916366546619,0.48338068181818183,0.5826907467532467,True,0.7382305194805194,True,0.0,True,0.01,train_cv_auroc,"{""0.01"": 0.6555, ""0.1"": 0.6495, ""1.0"": 0.6409, ""10.0"": 0.617}"
qwen2.5-7b-instruct__C3,qwen2.5-7b-instruct,C3,reasoning,7.62,75,21,298,100,100,0.5,1.0,0.778814935064935,0.827531012404962,0.5165787337662338,0.6331777597402598,True,0.7382305194805194,True,0.0,True,0.01,train_cv_auroc,"{""0.01"": 0.7474, ""0.1"": 0.7403, ""1.0"": 0.7341, ""10.0"": 0.7349}"
qwen2.5-7b-instruct__C3,qwen2.5-7b-instruct,C3,reasoning,7.62,100,28,298,100,100,0.5,1.0,0.7211850649350648,0.8163265306122449,0.48774350649350645,0.5892857142857143,True,0.7382305194805194,False,0.0,True,0.01,train_cv_auroc,"{""0.01"": 0.7461, ""0.1"": 0.7434, ""1.0"": 0.7416, ""10.0"": 0.7455}"
qwen2.5-7b-base__R1,qwen2.5-7b-base,R1,retrieval,7.62,0,0,300,100,100,0.5,0.5033333333333334,0.5,0.5,0.5,0.5,False,0.7908615136876006,False,0.0,False,0.01,train_cv_auroc,"{""0.01"": 0.5, ""0.1"": 0.5, ""1.0"": 0.5, ""10.0"": 0.5}"
qwen2.5-7b-base__R1,qwen2.5-7b-base,R1,retrieval,7.62,25,7,300,100,100,0.5,0.9959111111111112,0.8272946859903381,0.798677139313766,0.4935587761674718,0.575925925925926,True,0.7908615136876006,True,0.0,True,0.01,train_cv_auroc,"{""0.01"": 0.8204, ""0.1"": 0.8037, ""1.0"": 0.7973, ""10.0"": 0.7917}"
qwen2.5-7b-base__R1,qwen2.5-7b-base,R1,retrieval,7.62,50,14,300,100,100,0.5,0.9997333333333333,0.9219001610305957,0.8350558081852004,0.4998389694041868,0.634742351046699,True,0.7908615136876006,True,0.0,True,0.01,train_cv_auroc,"{""0.01"": 0.8951, ""0.1"": 0.8909, ""1.0"": 0.8867, ""10.0"": 0.8837}"
qwen2.5-7b-base__R1,qwen2.5-7b-base,R1,retrieval,7.62,75,21,300,100,100,0.5,0.9995111111111111,0.9118357487922705,0.8503513848697809,0.49223027375201295,0.6321054750402577,True,0.7908615136876006,True,0.0,True,0.01,train_cv_auroc,"{""0.01"": 0.9025, ""0.1"": 0.8932, ""1.0"": 0.8883, ""10.0"": 0.8853}"
qwen2.5-7b-base__R1,qwen2.5-7b-base,R1,retrieval,7.62,100,28,300,100,100,0.5,0.9998666666666667,0.9029790660225443,0.8482844150475404,0.5138083735909823,0.6188808373590983,True,0.7908615136876006,True,0.0,True,0.01,train_cv_auroc,"{""0.01"": 0.904, ""0.1"": 0.9017, ""1.0"": 0.9019, ""10.0"": 0.9023}"
qwen2.5-7b-base__R2,qwen2.5-7b-base,R2,retrieval,7.62,0,0,300,100,100,0.5,0.5,0.5,0.5,0.5,0.5,False,0.8834343434343435,False,0.0,False,0.01,train_cv_auroc,"{""0.01"": 0.5, ""0.1"": 0.5, ""1.0"": 0.5, ""10.0"": 0.5}"
qwen2.5-7b-base__R2,qwen2.5-7b-base,R2,retrieval,7.62,25,7,300,100,100,0.5,0.9964444444444445,0.9090909090909091,0.8721955128205128,0.4584242424242424,0.5672121212121213,True,0.8834343434343435,True,0.0,True,0.01,train_cv_auroc,"{""0.01"": 0.8991, ""0.1"": 0.8969, ""1.0"": 0.8941, ""10.0"": 0.8925}"
qwen2.5-7b-base__R2,qwen2.5-7b-base,R2,retrieval,7.62,50,14,300,100,100,0.5,0.9977333333333334,0.9240404040404039,0.9078525641025641,0.5087474747474746,0.6561414141414141,True,0.8834343434343435,True,0.0,True,0.01,train_cv_auroc,"{""0.01"": 0.9161, ""0.1"": 0.9143, ""1.0"": 0.9115, ""10.0"": 0.9104}"
qwen2.5-7b-base__R2,qwen2.5-7b-base,R2,retrieval,7.62,75,21,300,100,100,0.5,0.9969777777777777,0.9167676767676767,0.9110576923076923,0.48791919191919186,0.5987878787878788,True,0.8834343434343435,True,0.0,True,0.01,train_cv_auroc,"{""0.01"": 0.9157, ""0.1"": 0.9072, ""1.0"": 0.8985, ""10.0"": 0.8905}"
qwen2.5-7b-base__R2,qwen2.5-7b-base,R2,retrieval,7.62,100,28,300,100,100,0.5,0.9998666666666667,0.9357575757575758,0.9026442307692307,0.523858585858586,0.6425858585858587,True,0.8834343434343435,True,0.0,True,0.01,train_cv_auroc,"{""0.01"": 0.9116, ""0.1"": 0.9057, ""1.0"": 0.9035, ""10.0"": 0.8961}"
qwen2.5-7b-base__R3,qwen2.5-7b-base,R3,retrieval,7.62,0,0,300,100,100,0.5,0.5067777777777778,0.5146940418679549,0.5062905844155844,0.499537037037037,0.5158011272141707,False,0.7185990338164251,False,0.0,False,0.01,train_cv_auroc,"{""0.01"": 0.5, ""0.1"": 0.5, ""1.0"": 0.5, ""10.0"": 0.5}"
qwen2.5-7b-base__R3,qwen2.5-7b-base,R3,retrieval,7.62,25,7,300,100,100,0.5,1.0,0.644122383252818,0.6931818181818182,0.5083735909822866,0.5919082125603865,True,0.7185990338164251,False,0.0,False,0.1,train_cv_auroc,"{""0.01"": 0.6333, ""0.1"": 0.6337, ""1.0"": 0.6275, ""10.0"": 0.6241}"
qwen2.5-7b-base__R3,qwen2.5-7b-base,R3,retrieval,7.62,50,14,300,100,100,0.5,0.9989777777777777,0.7407407407407407,0.7175324675324676,0.5118558776167472,0.6298510466988727,True,0.7185990338164251,True,0.0,True,0.01,train_cv_auroc,"{""0.01"": 0.7147, ""0.1"": 0.6965, ""1.0"": 0.6851, ""10.0"": 0.6805}"
qwen2.5-7b-base__R3,qwen2.5-7b-base,R3,retrieval,7.62,75,21,300,100,100,0.5,0.9993333333333334,0.7765700483091788,0.731737012987013,0.49897342995169086,0.6289251207729468,True,0.7185990338164251,True,0.0,True,0.01,train_cv_auroc,"{""0.01"": 0.7488, ""0.1"": 0.7328, ""1.0"": 0.7251, ""10.0"": 0.7183}"
qwen2.5-7b-base__R3,qwen2.5-7b-base,R3,retrieval,7.62,100,28,300,100,100,0.5,0.9998666666666667,0.8397745571658615,0.7406655844155843,0.5027576489533011,0.5803341384863124,True,0.7185990338164251,True,0.0,True,0.01,train_cv_auroc,"{""0.01"": 0.6967, ""0.1"": 0.6919, ""1.0"": 0.6899, ""10.0"": 0.6785}"
qwen2.5-7b-base__C1,qwen2.5-7b-base,C1,reasoning,7.62,0,0,300,100,100,0.5,0.5201333333333333,0.5392156862745098,0.5234598123215014,0.5,0.5392156862745098,False,0.4953981592637055,True,0.0,False,0.01,train_cv_auroc,"{""0.01"": 0.52, ""0.1"": 0.52, ""1.0"": 0.52, ""10.0"": 0.52}"
qwen2.5-7b-base__C1,qwen2.5-7b-base,C1,reasoning,7.62,25,7,300,100,100,0.5,0.9998666666666667,0.6286514605842337,0.5891472868217054,0.5010404161664667,0.5769707883153262,True,0.4953981592637055,True,0.0,False,0.01,train_cv_auroc,"{""0.01"": 0.6553, ""0.1"": 0.6495, ""1.0"": 0.6429, ""10.0"": 0.6445}"
qwen2.5-7b-base__C1,qwen2.5-7b-base,C1,reasoning,7.62,50,14,300,100,100,0.5,1.0,0.7354941976790716,0.6197470420236638,0.49893957583033216,0.5485194077631053,True,0.4953981592637055,True,0.0,True,0.01,train_cv_auroc,"{""0.01"": 0.6877, ""0.1"": 0.6837, ""1.0"": 0.6788, ""10.0"": 0.682}"
qwen2.5-7b-base__C1,qwen2.5-7b-base,C1,reasoning,7.62,75,21,300,100,100,0.5,1.0,0.7178871548619448,0.7070583435332517,0.4863145258103242,0.5777911164465787,True,0.4953981592637055,True,0.0,True,0.01,train_cv_auroc,"{""0.01"": 0.7135, ""0.1"": 0.7017, ""1.0"": 0.698, ""10.0"": 0.7061}"
qwen2.5-7b-base__C1,qwen2.5-7b-base,C1,reasoning,7.62,100,28,300,100,100,0.5,1.0,0.6394557823129252,0.6438188494492044,0.5200880352140855,0.6434773909563826,False,0.4953981592637055,True,0.0,False,0.01,train_cv_auroc,"{""0.01"": 0.6723, ""0.1"": 0.6581, ""1.0"": 0.6556, ""10.0"": 0.6631}"
qwen2.5-7b-base__C2,qwen2.5-7b-base,C2,reasoning,7.62,0,0,300,100,100,0.5,0.6615111111111112,0.5723232323232322,0.549512987012987,0.48593939393939395,0.603010101010101,False,0.6953535353535354,False,0.0,False,0.01,train_cv_auroc,"{""0.01"": 0.6155, ""0.1"": 0.6148, ""1.0"": 0.6152, ""10.0"": 0.6133}"
qwen2.5-7b-base__C2,qwen2.5-7b-base,C2,reasoning,7.62,25,7,300,100,100,0.5,0.9994222222222222,0.7846464646464646,0.721185064935065,0.5257575757575758,0.6354949494949494,True,0.6953535353535354,True,0.0,True,0.01,train_cv_auroc,"{""0.01"": 0.6915, ""0.1"": 0.6785, ""1.0"": 0.6709, ""10.0"": 0.6696}"
qwen2.5-7b-base__C2,qwen2.5-7b-base,C2,reasoning,7.62,50,14,300,100,100,0.5,1.0,0.8274747474747475,0.7520292207792207,0.5071111111111112,0.593111111111111,True,0.6953535353535354,True,0.0,True,0.01,train_cv_auroc,"{""0.01"": 0.79, ""0.1"": 0.7839, ""1.0"": 0.7831, ""10.0"": 0.7761}"
qwen2.5-7b-base__C2,qwen2.5-7b-base,C2,reasoning,7.62,75,21,300,100,100,0.5,1.0,0.804040404040404,0.8173701298701299,0.5324040404040404,0.6548484848484849,True,0.6953535353535354,True,0.0,True,0.01,train_cv_auroc,"{""0.01"": 0.7907, ""0.1"": 0.7824, ""1.0"": 0.7767, ""10.0"": 0.7725}"
qwen2.5-7b-base__C2,qwen2.5-7b-base,C2,reasoning,7.62,100,28,300,100,100,0.5,0.9995999999999999,0.8036363636363636,0.8056006493506493,0.49737373737373736,0.5962626262626264,True,0.6953535353535354,True,0.0,True,0.01,train_cv_auroc,"{""0.01"": 0.7707, ""0.1"": 0.7607, ""1.0"": 0.7485, ""10.0"": 0.7379}"
qwen2.5-7b-base__C3,qwen2.5-7b-base,C3,reasoning,7.62,0,0,297,99,100,0.5016835016835017,0.658307636495556,0.6340816326530612,0.6440304487179487,0.47854081632653067,0.6105306122448979,True,0.6314285714285713,True,0.0,False,0.01,train_cv_auroc,"{""0.01"": 0.6438, ""0.1"": 0.6434, ""1.0"": 0.6426, ""10.0"": 0.6435}"
qwen2.5-7b-base__C3,qwen2.5-7b-base,C3,reasoning,7.62,25,7,297,99,100,0.5016835016835017,0.9996372211137312,0.6995918367346938,0.6209935897435898,0.5011836734693877,0.598204081632653,True,0.6314285714285713,True,0.0,True,0.01,train_cv_auroc,"{""0.01"": 0.5946, ""0.1"": 0.587, ""1.0"": 0.5831, ""10.0"": 0.5884}"
qwen2.5-7b-base__C3,qwen2.5-7b-base,C3,reasoning,7.62,50,14,297,99,100,0.5016835016835017,0.9998186105568655,0.7057142857142857,0.8060897435897436,0.5042448979591836,0.5896122448979592,True,0.6314285714285713,True,0.0,True,0.01,train_cv_auroc,"{""0.01"": 0.6752, ""0.1"": 0.6595, ""1.0"": 0.6529, ""10.0"": 0.6483}"
qwen2.5-7b-base__C3,qwen2.5-7b-base,C3,reasoning,7.62,75,21,297,99,100,0.5016835016835017,0.9998186105568655,0.7277551020408163,0.7932692307692308,0.5002040816326532,0.585795918367347,True,0.6314285714285713,True,0.0,True,0.01,train_cv_auroc,"{""0.01"": 0.7387, ""0.1"": 0.7314, ""1.0"": 0.723, ""10.0"": 0.7225}"
qwen2.5-7b-base__C3,qwen2.5-7b-base,C3,reasoning,7.62,100,28,297,99,100,0.5016835016835017,0.9998186105568656,0.6653061224489795,0.7283653846153846,0.501061224489796,0.5651428571428571,True,0.6314285714285713,True,0.0,True,0.01,train_cv_auroc,"{""0.01"": 0.7131, ""0.1"": 0.705, ""1.0"": 0.6987, ""10.0"": 0.7001}"
