model,tier,n,accuracy,band,in_band,committed,pilot_accuracy,parse_rate
qwen2.5-0.5b-instruct,R1,100,0.19,"[0.25, 0.8]",False,True,0.19,0.74
qwen2.5-0.5b-instruct,R2,100,0.15,"[0.25, 0.8]",False,True,0.15,0.8
qwen2.5-0.5b-instruct,R3,100,0.02,"[0.25, 0.8]",False,True,0.02,0.99
qwen2.5-0.5b-instruct,C1,100,0.15,"[0.25, 0.8]",False,True,0.15,0.89
qwen2.5-0.5b-instruct,C2,100,0.22,"[0.25, 0.8]",False,True,0.22,0.86
qwen2.5-0.5b-instruct,C3,100,0.09,"[0.25, 0.8]",False,True,0.09,0.71
qwen2.5-1.5b-instruct,R1,100,0.31,"[0.25, 0.8]",True,True,0.31,0.9
qwen2.5-1.5b-instruct,R2,100,0.15,"[0.25, 0.8]",False,True,0.15,0.95
qwen2.5-1.5b-instruct,R3,100,0.05,"[0.25, 0.8]",False,True,0.05,1.0
qwen2.5-1.5b-instruct,C1,100,0.6,"[0.25, 0.8]",True,True,0.6,0.97
qwen2.5-1.5b-instruct,C2,100,0.52,"[0.25, 0.8]",True,True,0.52,0.87
qwen2.5-1.5b-instruct,C3,100,0.33,"[0.25, 0.8]",True,True,0.33,0.67
qwen2.5-3b-instruct,R1,100,0.39,"[0.25, 0.8]",True,True,0.39,0.94
qwen2.5-3b-instruct,R2,100,0.17,"[0.25, 0.8]",False,True,0.17,0.96
qwen2.5-3b-instruct,R3,100,0.01,"[0.25, 0.8]",False,True,0.01,1.0
qwen2.5-3b-instruct,C1,100,0.57,"[0.25, 0.8]",True,True,0.57,1.0
qwen2.5-3b-instruct,C2,100,0.56,"[0.25, 0.8]",True,True,0.56,1.0
qwen2.5-3b-instruct,C3,100,0.18,"[0.25, 0.8]",False,True,0.18,1.0
qwen2.5-7b-instruct,R1,100,0.47,"[0.25, 0.8]",True,True,0.47,0.94
qwen2.5-7b-instruct,R2,100,0.25,"[0.25, 0.8]",True,True,0.25,0.94
qwen2.5-7b-instruct,R3,100,0.09,"[0.25, 0.8]",False,True,0.09,0.95
qwen2.5-7b-instruct,C1,100,0.69,"[0.25, 0.8]",True,True,0.69,1.0
qwen2.5-7b-instruct,C2,100,0.66,"[0.25, 0.8]",True,True,0.66,1.0
qwen2.5-7b-instruct,C3,100,0.36,"[0.25, 0.8]",True,True,0.36,1.0
qwen2.5-7b-base,R1,100,0.53,"[0.25, 0.8]",True,True,0.53,1.0
qwen2.5-7b-base,R2,100,0.22,"[0.25, 0.8]",False,True,0.22,1.0
qwen2.5-7b-base,R3,100,0.09,"[0.25, 0.8]",False,True,0.09,1.0
qwen2.5-7b-base,C1,100,0.31,"[0.25, 0.8]",True,True,0.31,1.0
qwen2.5-7b-base,C2,100,0.6,"[0.25, 0.8]",True,True,0.6,0.98
qwen2.5-7b-base,C3,100,0.17,"[0.25, 0.8]",False,True,0.17,0.98
