cell,model,tier,family,params_b,layer_pct,layer_index,n_train,n_cal,n_test,base_rate,auroc_train,auroc_cal,auroc_test,auroc_null_mean,auroc_null_p95,beats_null,auroc_surface,beats_surface,C_selected,p0_neg_control_dev,nonfinite_frac,meets_gate
qwen3.5-0.8b-instruct__R1,qwen3.5-0.8b-instruct,R1,retrieval,0.8,0,0,158,35,63,0.05063291139240506,0.5,0.5,0.5,0.5,0.5,False,1.0,False,0.01,0.0,0.0,False
qwen3.5-0.8b-instruct__R1,qwen3.5-0.8b-instruct,R1,retrieval,0.8,25,6,158,35,63,0.05063291139240506,0.99,0.9696969696969697,0.37777777777777777,0.4295454545454545,0.9856060606060606,False,1.0,False,0.01,,0.0,True
qwen3.5-0.8b-instruct__R1,qwen3.5-0.8b-instruct,R1,retrieval,0.8,50,12,158,35,63,0.05063291139240506,0.9725,1.0,0.5333333333333333,0.4590909090909091,0.8818181818181818,True,1.0,False,0.01,,0.0,True
qwen3.5-0.8b-instruct__R1,qwen3.5-0.8b-instruct,R1,retrieval,0.8,75,18,158,35,63,0.05063291139240506,1.0,1.0,0.4833333333333333,0.4318181818181818,0.9265151515151515,True,1.0,False,0.01,,0.0,True
qwen3.5-0.8b-instruct__R1,qwen3.5-0.8b-instruct,R1,retrieval,0.8,100,24,158,35,63,0.05063291139240506,1.0,0.9848484848484849,0.6166666666666666,0.5416666666666667,0.7469696969696971,True,1.0,False,1.0,,0.0,True
qwen3.5-0.8b-instruct__R2,qwen3.5-0.8b-instruct,R2,retrieval,0.8,0,0,151,51,54,0.026490066225165563,0.5,0.5,0.5,0.5,0.5,False,0.76,False,0.01,0.0,0.0,False
qwen3.5-0.8b-instruct__R2,qwen3.5-0.8b-instruct,R2,retrieval,0.8,25,6,151,51,54,0.026490066225165563,1.0,0.78,0.47115384615384615,0.43,0.941,False,0.76,True,0.01,,0.0,True
qwen3.5-0.8b-instruct__R2,qwen3.5-0.8b-instruct,R2,retrieval,0.8,50,12,151,51,54,0.026490066225165563,1.0,0.88,0.40384615384615385,0.5770000000000001,0.942,False,0.76,True,10.0,,0.0,True
qwen3.5-0.8b-instruct__R2,qwen3.5-0.8b-instruct,R2,retrieval,0.8,75,18,151,51,54,0.026490066225165563,1.0,0.92,0.5961538461538461,0.43200000000000005,0.94,False,0.76,True,0.01,,0.0,True
qwen3.5-0.8b-instruct__R2,qwen3.5-0.8b-instruct,R2,retrieval,0.8,100,24,151,51,54,0.026490066225165563,1.0,0.94,0.5480769230769231,0.513,0.981,False,0.76,True,0.01,,0.0,True
qwen3.5-0.8b-instruct__R3,qwen3.5-0.8b-instruct,R3,retrieval,0.8,0,0,142,52,62,0.035211267605633804,0.5,0.5,,0.5,0.5,False,0.67,False,0.01,0.0,0.0,False
qwen3.5-0.8b-instruct__R3,qwen3.5-0.8b-instruct,R3,retrieval,0.8,25,6,142,52,62,0.035211267605633804,1.0,0.54,,0.542,0.7835000000000001,False,0.67,False,1.0,,0.0,False
qwen3.5-0.8b-instruct__R3,qwen3.5-0.8b-instruct,R3,retrieval,0.8,50,12,142,52,62,0.035211267605633804,1.0,0.8800000000000001,,0.40750000000000003,0.787,True,0.67,True,0.1,,0.0,True
qwen3.5-0.8b-instruct__R3,qwen3.5-0.8b-instruct,R3,retrieval,0.8,75,18,142,52,62,0.035211267605633804,1.0,0.9500000000000001,,0.4765,0.7899999999999999,True,0.67,True,1.0,,0.0,True
qwen3.5-0.8b-instruct__R3,qwen3.5-0.8b-instruct,R3,retrieval,0.8,100,24,142,52,62,0.035211267605633804,1.0,0.98,,0.3905,0.7160000000000001,True,0.67,True,0.1,,0.0,True
qwen3.5-0.8b-instruct__C1,qwen3.5-0.8b-instruct,C1,reasoning,0.8,0,0,156,48,52,0.23076923076923078,0.5,0.5,0.5,0.5,0.5,False,0.5555555555555556,False,0.01,0.0,0.0,False
qwen3.5-0.8b-instruct__C1,qwen3.5-0.8b-instruct,C1,reasoning,0.8,25,6,156,48,52,0.23076923076923078,0.9858796296296296,0.6111111111111112,0.5595238095238095,0.506547619047619,0.6630952380952382,False,0.5555555555555556,True,0.01,,0.0,False
qwen3.5-0.8b-instruct__C1,qwen3.5-0.8b-instruct,C1,reasoning,0.8,50,12,156,48,52,0.23076923076923078,0.9974537037037038,0.49603174603174605,0.5404761904761904,0.5,0.6660714285714288,False,0.5555555555555556,False,0.01,,0.0,False
qwen3.5-0.8b-instruct__C1,qwen3.5-0.8b-instruct,C1,reasoning,0.8,75,18,156,48,52,0.23076923076923078,1.0,0.4642857142857143,0.5642857142857143,0.5232142857142856,0.6990079365079366,False,0.5555555555555556,False,0.1,,0.0,False
qwen3.5-0.8b-instruct__C1,qwen3.5-0.8b-instruct,C1,reasoning,0.8,100,24,156,48,52,0.23076923076923078,1.0,0.45634920634920634,0.6452380952380953,0.5359126984126984,0.7111111111111111,False,0.5555555555555556,False,0.1,,0.0,False
qwen3.5-0.8b-instruct__C2,qwen3.5-0.8b-instruct,C2,reasoning,0.8,0,0,161,45,50,0.34782608695652173,0.5,0.5,0.5,0.5,0.5,False,0.6477732793522267,False,0.01,0.0,0.0,False
qwen3.5-0.8b-instruct__C2,qwen3.5-0.8b-instruct,C2,reasoning,0.8,25,6,161,45,50,0.34782608695652173,0.9312925170068027,0.6720647773279351,0.5942275042444821,0.5143724696356274,0.667004048582996,True,0.6477732793522267,True,0.01,,0.0,True
qwen3.5-0.8b-instruct__C2,qwen3.5-0.8b-instruct,C2,reasoning,0.8,50,12,161,45,50,0.34782608695652173,0.9581632653061225,0.6538461538461539,0.5551782682512733,0.5176113360323887,0.6283400809716599,True,0.6477732793522267,True,0.01,,0.0,True
qwen3.5-0.8b-instruct__C2,qwen3.5-0.8b-instruct,C2,reasoning,0.8,75,18,161,45,50,0.34782608695652173,0.9663265306122449,0.6923076923076922,0.5619694397283531,0.4984817813765183,0.5865384615384616,True,0.6477732793522267,True,0.01,,0.0,True
qwen3.5-0.8b-instruct__C2,qwen3.5-0.8b-instruct,C2,reasoning,0.8,100,24,161,45,50,0.34782608695652173,0.991326530612245,0.7206477732793524,0.5891341256366723,0.5086032388663967,0.6274291497975708,True,0.6477732793522267,True,0.01,,0.0,True
qwen3.5-0.8b-instruct__C3,qwen3.5-0.8b-instruct,C3,reasoning,0.8,0,0,147,50,59,0.1564625850340136,0.5,0.5,0.5,0.5,0.5,False,0.7822222222222222,False,0.01,0.0,0.0,False
qwen3.5-0.8b-instruct__C3,qwen3.5-0.8b-instruct,C3,reasoning,0.8,25,6,147,50,59,0.1564625850340136,0.9877279102384291,0.8222222222222222,0.5824175824175825,0.4924444444444445,0.6871111111111111,True,0.7822222222222222,True,0.01,,0.0,True
qwen3.5-0.8b-instruct__C3,qwen3.5-0.8b-instruct,C3,reasoning,0.8,50,12,147,50,59,0.1564625850340136,0.9828190743338008,0.8888888888888888,0.6373626373626373,0.5397777777777779,0.6646666666666667,True,0.7822222222222222,True,0.01,,0.0,True
qwen3.5-0.8b-instruct__C3,qwen3.5-0.8b-instruct,C3,reasoning,0.8,75,18,147,50,59,0.1564625850340136,0.9870266479663394,0.8533333333333333,0.6538461538461537,0.46422222222222215,0.6673333333333334,True,0.7822222222222222,True,0.01,,0.0,True
qwen3.5-0.8b-instruct__C3,qwen3.5-0.8b-instruct,C3,reasoning,0.8,100,24,147,50,59,0.1564625850340136,1.0,0.92,0.6840659340659341,0.5008888888888888,0.6695555555555557,True,0.7822222222222222,True,1.0,,0.0,True
qwen3.5-2b-instruct__R1,qwen3.5-2b-instruct,R1,retrieval,2.0,0,0,158,35,63,0.36075949367088606,0.5,0.5,0.5,0.5,0.5,False,0.7536231884057971,False,0.01,0.0,0.0,False
qwen3.5-2b-instruct__R1,qwen3.5-2b-instruct,R1,retrieval,2.0,25,6,158,35,63,0.36075949367088606,0.9987840889352093,0.8405797101449276,0.819377990430622,0.49909420289855067,0.6543478260869565,True,0.7536231884057971,True,0.01,,0.0,True
qwen3.5-2b-instruct__R1,qwen3.5-2b-instruct,R1,retrieval,2.0,50,12,158,35,63,0.36075949367088606,0.9831509466736148,0.855072463768116,0.7942583732057416,0.46811594202898554,0.6306159420289854,True,0.7536231884057971,True,0.01,,0.0,True
qwen3.5-2b-instruct__R1,qwen3.5-2b-instruct,R1,retrieval,2.0,75,18,158,35,63,0.36075949367088606,1.0,0.9094202898550725,0.7188995215311005,0.5025362318840579,0.6731884057971015,True,0.7536231884057971,True,1.0,,0.0,True
qwen3.5-2b-instruct__R1,qwen3.5-2b-instruct,R1,retrieval,2.0,100,24,158,35,63,0.36075949367088606,1.0,0.8876811594202899,0.7452153110047847,0.41630434782608694,0.5860507246376813,True,0.7536231884057971,True,10.0,,0.0,True
qwen3.5-2b-instruct__R2,qwen3.5-2b-instruct,R2,retrieval,2.0,0,0,151,51,54,0.2119205298013245,0.5,0.5,0.5,0.5,0.5,False,0.8597883597883598,False,0.01,0.0,0.0,False
qwen3.5-2b-instruct__R2,qwen3.5-2b-instruct,R2,retrieval,2.0,25,6,151,51,54,0.2119205298013245,1.0,0.9417989417989416,0.9068181818181819,0.4523809523809524,0.6145502645502646,True,0.8597883597883598,True,0.1,,0.0,True
qwen3.5-2b-instruct__R2,qwen3.5-2b-instruct,R2,retrieval,2.0,50,12,151,51,54,0.2119205298013245,1.0,0.9497354497354498,0.9431818181818181,0.42407407407407405,0.5904761904761906,True,0.8597883597883598,True,10.0,,0.0,True
qwen3.5-2b-instruct__R2,qwen3.5-2b-instruct,R2,retrieval,2.0,75,18,151,51,54,0.2119205298013245,1.0,0.8994708994708994,0.9113636363636364,0.416005291005291,0.6134920634920635,True,0.8597883597883598,True,1.0,,0.0,True
qwen3.5-2b-instruct__R2,qwen3.5-2b-instruct,R2,retrieval,2.0,100,24,151,51,54,0.2119205298013245,1.0,0.9074074074074074,0.9204545454545454,0.4341269841269841,0.6660052910052909,True,0.8597883597883598,True,0.01,,0.0,True
qwen3.5-2b-instruct__R3,qwen3.5-2b-instruct,R3,retrieval,2.0,0,0,142,52,62,0.02112676056338028,0.5,0.5,0.5,0.5,0.5,False,0.54,False,0.01,0.0,0.0,False
qwen3.5-2b-instruct__R3,qwen3.5-2b-instruct,R3,retrieval,2.0,25,6,142,52,62,0.02112676056338028,1.0,0.74,0.14166666666666666,0.4535,0.8725,False,0.54,True,0.01,,0.0,True
qwen3.5-2b-instruct__R3,qwen3.5-2b-instruct,R3,retrieval,2.0,50,12,142,52,62,0.02112676056338028,1.0,0.74,0.08333333333333337,0.6330000000000001,0.8450000000000001,False,0.54,True,0.01,,0.0,True
qwen3.5-2b-instruct__R3,qwen3.5-2b-instruct,R3,retrieval,2.0,75,18,142,52,62,0.02112676056338028,1.0,0.5,0.18333333333333335,0.4185,0.7390000000000001,False,0.54,False,10.0,,0.0,False
qwen3.5-2b-instruct__R3,qwen3.5-2b-instruct,R3,retrieval,2.0,100,24,142,52,62,0.02112676056338028,1.0,0.5,0.38333333333333336,0.48450000000000004,0.7970000000000002,False,0.54,False,0.01,,0.0,False
qwen3.5-2b-instruct__C1,qwen3.5-2b-instruct,C1,reasoning,2.0,0,0,141,37,44,0.40425531914893614,0.5,0.5,0.5,0.5,0.5,False,0.6794871794871795,False,0.01,0.0,0.0,False
qwen3.5-2b-instruct__C1,qwen3.5-2b-instruct,C1,reasoning,2.0,25,6,141,37,44,0.40425531914893614,0.9991645781119465,0.5384615384615384,0.5803571428571429,0.5100961538461539,0.8054487179487181,False,0.6794871794871795,False,0.01,,0.0,False
qwen3.5-2b-instruct__C1,qwen3.5-2b-instruct,C1,reasoning,2.0,50,12,141,37,44,0.40425531914893614,1.0,0.41346153846153844,0.5870535714285714,0.5157051282051281,0.6868589743589744,False,0.6794871794871795,False,0.01,,0.0,False
qwen3.5-2b-instruct__C1,qwen3.5-2b-instruct,C1,reasoning,2.0,75,18,141,37,44,0.40425531914893614,1.0,0.5448717948717949,0.4598214285714286,0.5024038461538461,0.7123397435897437,False,0.6794871794871795,False,10.0,,0.0,False
qwen3.5-2b-instruct__C1,qwen3.5-2b-instruct,C1,reasoning,2.0,100,24,141,37,44,0.40425531914893614,1.0,0.4679487179487179,0.5625,0.4988782051282052,0.6613782051282052,False,0.6794871794871795,False,0.01,,0.0,False
qwen3.5-2b-instruct__C2,qwen3.5-2b-instruct,C2,reasoning,2.0,0,0,130,34,41,0.5461538461538461,0.5,0.5,0.5,0.5,0.5,False,0.6842105263157896,False,0.01,0.0,0.0,False
qwen3.5-2b-instruct__C2,qwen3.5-2b-instruct,C2,reasoning,2.0,25,6,130,34,41,0.5461538461538461,0.9959417522081643,0.656140350877193,0.5478468899521531,0.4829824561403509,0.635438596491228,True,0.6842105263157896,False,0.01,,0.0,True
qwen3.5-2b-instruct__C2,qwen3.5-2b-instruct,C2,reasoning,2.0,50,12,130,34,41,0.5461538461538461,0.9968966340415373,0.6736842105263158,0.5765550239234449,0.5064912280701754,0.767719298245614,False,0.6842105263157896,False,0.01,,0.0,True
qwen3.5-2b-instruct__C2,qwen3.5-2b-instruct,C2,reasoning,2.0,75,18,130,34,41,0.5461538461538461,1.0,0.7017543859649122,0.638755980861244,0.5156140350877193,0.6696491228070176,True,0.6842105263157896,True,0.1,,0.0,True
qwen3.5-2b-instruct__C2,qwen3.5-2b-instruct,C2,reasoning,2.0,100,24,130,34,41,0.5461538461538461,1.0,0.7192982456140351,0.5885167464114833,0.4925438596491228,0.6332456140350877,True,0.6842105263157896,True,10.0,,0.0,True
qwen3.5-2b-instruct__C3,qwen3.5-2b-instruct,C3,reasoning,2.0,0,0,110,31,36,0.21818181818181817,0.5,0.5,0.5,0.5,0.5,False,0.22222222222222224,True,0.01,0.0,0.0,False
qwen3.5-2b-instruct__C3,qwen3.5-2b-instruct,C3,reasoning,2.0,25,6,110,31,36,0.21818181818181817,1.0,0.42592592592592593,0.625,0.5175925925925926,0.6944444444444444,False,0.22222222222222224,True,10.0,,0.0,False
qwen3.5-2b-instruct__C3,qwen3.5-2b-instruct,C3,reasoning,2.0,50,12,110,31,36,0.21818181818181817,1.0,0.6388888888888888,0.671875,0.5703703703703703,0.8106481481481482,False,0.22222222222222224,True,0.1,,0.0,False
qwen3.5-2b-instruct__C3,qwen3.5-2b-instruct,C3,reasoning,2.0,75,18,110,31,36,0.21818181818181817,1.0,0.7962962962962963,0.8203125,0.5046296296296295,0.7712962962962964,True,0.22222222222222224,True,0.01,,0.0,True
qwen3.5-2b-instruct__C3,qwen3.5-2b-instruct,C3,reasoning,2.0,100,24,110,31,36,0.21818181818181817,1.0,0.5555555555555556,0.84375,0.5388888888888889,0.7416666666666667,False,0.22222222222222224,True,0.01,,0.0,False
qwen3.5-4b-instruct__R1,qwen3.5-4b-instruct,R1,retrieval,4.0,0,0,113,22,44,0.48672566371681414,0.5,0.5,0.5,0.5,0.5,False,0.7291666666666667,False,0.01,0.0,0.0,False
qwen3.5-4b-instruct__R1,qwen3.5-4b-instruct,R1,retrieval,4.0,25,8,113,22,44,0.48672566371681414,1.0,0.7666666666666668,0.8119834710743802,0.44791666666666663,0.5775,True,0.7291666666666667,True,0.1,,0.0,True
qwen3.5-4b-instruct__R1,qwen3.5-4b-instruct,R1,retrieval,4.0,50,16,113,22,44,0.48672566371681414,0.9987460815047021,0.875,0.9400826446280992,0.5354166666666667,0.7358333333333335,True,0.7291666666666667,True,0.01,,0.0,True
qwen3.5-4b-instruct__R1,qwen3.5-4b-instruct,R1,retrieval,4.0,75,24,113,22,44,0.48672566371681414,0.9996865203761756,0.7916666666666667,0.9524793388429752,0.5125,0.68375,True,0.7291666666666667,True,0.01,,0.0,True
qwen3.5-4b-instruct__R1,qwen3.5-4b-instruct,R1,retrieval,4.0,100,32,113,22,44,0.48672566371681414,1.0,0.7333333333333334,0.9132231404958677,0.52375,0.7379166666666668,False,0.7291666666666667,True,0.01,,0.0,True
qwen3.5-4b-instruct__R2,qwen3.5-4b-instruct,R2,retrieval,4.0,0,0,109,35,35,0.22018348623853212,0.5,0.5,0.5,0.5,0.5,False,0.8266666666666667,False,0.01,0.0,0.0,False
qwen3.5-4b-instruct__R2,qwen3.5-4b-instruct,R2,retrieval,4.0,25,8,109,35,35,0.22018348623853212,1.0,0.8933333333333333,0.9193548387096774,0.42033333333333334,0.7543333333333334,True,0.8266666666666667,True,0.01,,0.0,True
qwen3.5-4b-instruct__R2,qwen3.5-4b-instruct,R2,retrieval,4.0,50,16,109,35,35,0.22018348623853212,1.0,0.88,0.8951612903225806,0.5073333333333333,0.8390000000000001,True,0.8266666666666667,True,0.01,,0.0,True
qwen3.5-4b-instruct__R2,qwen3.5-4b-instruct,R2,retrieval,4.0,75,24,109,35,35,0.22018348623853212,1.0,0.86,0.8548387096774193,0.37433333333333335,0.621,True,0.8266666666666667,True,0.1,,0.0,True
qwen3.5-4b-instruct__R2,qwen3.5-4b-instruct,R2,retrieval,4.0,100,32,109,35,35,0.22018348623853212,1.0,0.8133333333333335,0.9274193548387096,0.371,0.528,True,0.8266666666666667,False,0.01,,0.0,True
qwen3.5-4b-instruct__R3,qwen3.5-4b-instruct,R3,retrieval,4.0,0,0,99,34,46,0.020202020202020204,0.5,0.5,0.5,0.5,0.5,False,0.6363636363636364,False,0.01,0.0,0.0,False
qwen3.5-4b-instruct__R3,qwen3.5-4b-instruct,R3,retrieval,4.0,25,8,99,34,46,0.020202020202020204,1.0,0.24242424242424243,0.2261904761904762,0.4121212121212121,0.9712121212121213,False,0.6363636363636364,False,0.01,,0.0,False
qwen3.5-4b-instruct__R3,qwen3.5-4b-instruct,R3,retrieval,4.0,50,16,99,34,46,0.020202020202020204,1.0,0.030303030303030276,0.23214285714285715,0.6181818181818182,0.9696969696969697,False,0.6363636363636364,False,1.0,,0.0,False
qwen3.5-4b-instruct__R3,qwen3.5-4b-instruct,R3,retrieval,4.0,75,24,99,34,46,0.020202020202020204,1.0,0.2727272727272727,0.3869047619047619,0.6227272727272727,0.940909090909091,False,0.6363636363636364,False,0.01,,0.0,False
qwen3.5-4b-instruct__R3,qwen3.5-4b-instruct,R3,retrieval,4.0,100,32,99,34,46,0.020202020202020204,1.0,0.5151515151515151,0.14285714285714285,0.3045454545454545,0.8242424242424242,False,0.6363636363636364,False,10.0,,0.0,False
qwen3.5-4b-instruct__C1,qwen3.5-4b-instruct,C1,reasoning,4.0,0,0,79,25,23,0.6708860759493671,0.5,0.5,0.5,0.5,0.5,False,0.5705128205128205,False,0.01,0.0,0.0,False
qwen3.5-4b-instruct__C1,qwen3.5-4b-instruct,C1,reasoning,4.0,25,8,79,25,23,0.6708860759493671,1.0,0.4551282051282051,0.303921568627451,0.5193910256410256,0.7419871794871796,False,0.5705128205128205,False,10.0,,0.0,False
qwen3.5-4b-instruct__C1,qwen3.5-4b-instruct,C1,reasoning,4.0,50,16,79,25,23,0.6708860759493671,1.0,0.7564102564102564,0.4411764705882353,0.5948717948717949,0.8923076923076922,False,0.5705128205128205,True,0.01,,0.0,True
qwen3.5-4b-instruct__C1,qwen3.5-4b-instruct,C1,reasoning,4.0,75,24,79,25,23,0.6708860759493671,1.0,0.6346153846153846,0.48039215686274506,0.5580128205128205,0.8150641025641026,False,0.5705128205128205,True,10.0,,0.0,False
qwen3.5-4b-instruct__C1,qwen3.5-4b-instruct,C1,reasoning,4.0,100,32,79,25,23,0.6708860759493671,1.0,0.4807692307692308,0.4019607843137255,0.5227564102564103,0.7028846153846156,False,0.5705128205128205,False,1.0,,0.0,False
qwen3.5-4b-instruct__C2,qwen3.5-4b-instruct,C2,reasoning,4.0,0,0,79,16,22,0.6835443037974683,0.5,0.5,0.5,0.5,0.5,False,0.41666666666666663,True,0.01,0.0,0.0,False
qwen3.5-4b-instruct__C2,qwen3.5-4b-instruct,C2,reasoning,4.0,25,8,79,16,22,0.6835443037974683,1.0,0.5666666666666667,0.8055555555555556,0.4883333333333334,0.6358333333333334,False,0.41666666666666663,True,1.0,,0.0,False
qwen3.5-4b-instruct__C2,qwen3.5-4b-instruct,C2,reasoning,4.0,50,16,79,16,22,0.6835443037974683,1.0,0.7833333333333333,0.7222222222222222,0.4933333333333333,0.6783333333333335,True,0.41666666666666663,True,1.0,,0.0,True
qwen3.5-4b-instruct__C2,qwen3.5-4b-instruct,C2,reasoning,4.0,75,24,79,16,22,0.6835443037974683,1.0,0.5333333333333332,0.8194444444444444,0.5366666666666666,0.7866666666666667,False,0.41666666666666663,True,10.0,,0.0,False
qwen3.5-4b-instruct__C2,qwen3.5-4b-instruct,C2,reasoning,4.0,100,32,79,16,22,0.6835443037974683,1.0,0.55,0.6388888888888888,0.4733333333333333,0.8175,False,0.41666666666666663,True,0.01,,0.0,False
qwen3.5-4b-instruct__C3,qwen3.5-4b-instruct,C3,reasoning,4.0,0,0,66,17,18,0.3333333333333333,0.5,0.5,0.5,0.5,0.5,False,0.6666666666666666,False,0.01,0.0,0.0,False
qwen3.5-4b-instruct__C3,qwen3.5-4b-instruct,C3,reasoning,4.0,25,8,66,17,18,0.3333333333333333,1.0,0.8571428571428572,0.5277777777777778,0.5190476190476191,0.8333333333333333,True,0.6666666666666666,True,0.1,,0.0,True
qwen3.5-4b-instruct__C3,qwen3.5-4b-instruct,C3,reasoning,4.0,50,16,66,17,18,0.3333333333333333,1.0,1.0,0.763888888888889,0.4321428571428571,0.7416666666666667,True,0.6666666666666666,True,10.0,,0.0,True
qwen3.5-4b-instruct__C3,qwen3.5-4b-instruct,C3,reasoning,4.0,75,24,66,17,18,0.3333333333333333,1.0,0.8333333333333333,0.6805555555555555,0.4595238095238095,0.8107142857142857,True,0.6666666666666666,True,10.0,,0.0,True
qwen3.5-4b-instruct__C3,qwen3.5-4b-instruct,C3,reasoning,4.0,100,32,66,17,18,0.3333333333333333,1.0,0.7619047619047619,0.625,0.4392857142857142,0.7940476190476191,False,0.6666666666666666,True,0.01,,0.0,True
qwen3.5-9b-base__R1,qwen3.5-9b-base,R1,retrieval,9.0,0,0,60,13,26,0.6333333333333333,0.5,0.5,0.5,0.5,0.5,False,0.875,False,0.01,0.0,0.0,False
qwen3.5-9b-base__R1,qwen3.5-9b-base,R1,retrieval,9.0,25,8,60,13,26,0.6333333333333333,1.0,0.875,0.8947368421052632,0.47000000000000003,0.6587500000000002,True,0.875,False,0.01,,0.0,True
qwen3.5-9b-base__R1,qwen3.5-9b-base,R1,retrieval,9.0,50,16,60,13,26,0.6333333333333333,1.0,1.0,0.894736842105263,0.50125,0.70375,True,0.875,True,0.01,,0.0,True
qwen3.5-9b-base__R1,qwen3.5-9b-base,R1,retrieval,9.0,75,24,60,13,26,0.6333333333333333,1.0,1.0,0.9097744360902256,0.5599999999999999,0.80125,True,0.875,True,0.01,,0.0,True
qwen3.5-9b-base__R1,qwen3.5-9b-base,R1,retrieval,9.0,100,32,60,13,26,0.6333333333333333,1.0,1.0,0.9022556390977443,0.5237499999999999,0.77875,True,0.875,True,0.01,,0.0,True
qwen3.5-9b-base__R2,qwen3.5-9b-base,R2,retrieval,9.0,0,0,66,17,16,0.18181818181818182,0.5,0.5,0.5,0.5,0.5,False,1.0,False,0.01,0.0,0.0,False
qwen3.5-9b-base__R2,qwen3.5-9b-base,R2,retrieval,9.0,25,8,66,17,16,0.18181818181818182,1.0,1.0,0.9333333333333333,0.503125,0.8812500000000001,True,1.0,False,0.01,,0.0,True
qwen3.5-9b-base__R2,qwen3.5-9b-base,R2,retrieval,9.0,50,16,66,17,16,0.18181818181818182,1.0,1.0,1.0,0.45,1.0,False,1.0,False,0.01,,0.0,True
qwen3.5-9b-base__R2,qwen3.5-9b-base,R2,retrieval,9.0,75,24,66,17,16,0.18181818181818182,1.0,1.0,1.0,0.55625,0.9375,True,1.0,False,0.01,,0.0,True
qwen3.5-9b-base__R2,qwen3.5-9b-base,R2,retrieval,9.0,100,32,66,17,16,0.18181818181818182,1.0,0.875,1.0,0.4625,1.0,False,1.0,False,0.01,,0.0,True
qwen3.5-9b-base__R3,qwen3.5-9b-base,R3,retrieval,9.0,0,0,58,21,20,0.06896551724137931,0.5,0.5,0.5,0.5,0.5,False,0.7407407407407408,False,0.01,0.0,0.0,False
qwen3.5-9b-base__R3,qwen3.5-9b-base,R3,retrieval,9.0,25,8,58,21,20,0.06896551724137931,1.0,0.6111111111111112,0.7450980392156863,0.38703703703703696,0.5796296296296296,True,0.7407407407407408,False,10.0,,0.0,False
qwen3.5-9b-base__R3,qwen3.5-9b-base,R3,retrieval,9.0,50,16,58,21,20,0.06896551724137931,1.0,0.6111111111111112,0.6666666666666666,0.5638888888888889,0.7833333333333334,False,0.7407407407407408,False,1.0,,0.0,False
qwen3.5-9b-base__R3,qwen3.5-9b-base,R3,retrieval,9.0,75,24,58,21,20,0.06896551724137931,1.0,0.4444444444444445,0.6862745098039216,0.5046296296296295,0.7055555555555556,False,0.7407407407407408,False,10.0,,0.0,False
qwen3.5-9b-base__R3,qwen3.5-9b-base,R3,retrieval,9.0,100,32,58,21,20,0.06896551724137931,1.0,0.6481481481481481,0.8431372549019607,0.45555555555555544,0.725,False,0.7407407407407408,False,1.0,,0.0,False
qwen3.5-9b-base__C1,qwen3.5-9b-base,C1,reasoning,9.0,0,0,41,15,14,0.3902439024390244,0.5,0.5,0.5,0.5,0.5,False,0.33333333333333337,True,0.01,0.0,0.0,False
qwen3.5-9b-base__C1,qwen3.5-9b-base,C1,reasoning,9.0,25,8,41,15,14,0.3902439024390244,1.0,0.9166666666666666,0.7250000000000001,0.475,0.8625,True,0.33333333333333337,True,0.01,,0.0,True
qwen3.5-9b-base__C1,qwen3.5-9b-base,C1,reasoning,9.0,50,16,41,15,14,0.3902439024390244,1.0,0.9444444444444444,0.65,0.45138888888888884,0.7541666666666668,True,0.33333333333333337,True,0.01,,0.0,True
qwen3.5-9b-base__C1,qwen3.5-9b-base,C1,reasoning,9.0,75,24,41,15,14,0.3902439024390244,1.0,1.0,0.9,0.5166666666666667,0.8416666666666667,True,0.33333333333333337,True,0.01,,0.0,True
qwen3.5-9b-base__C1,qwen3.5-9b-base,C1,reasoning,9.0,100,32,41,15,14,0.3902439024390244,1.0,0.6111111111111112,0.6500000000000001,0.5111111111111111,0.8111111111111112,False,0.33333333333333337,True,0.01,,0.0,False
qwen3.5-9b-base__C2,qwen3.5-9b-base,C2,reasoning,9.0,0,0,42,10,12,0.5,0.5,0.5,0.5,0.5,0.5,False,0.7083333333333334,False,0.01,0.0,0.0,False
qwen3.5-9b-base__C2,qwen3.5-9b-base,C2,reasoning,9.0,25,8,42,10,12,0.5,1.0,0.875,0.5428571428571428,0.4979166666666666,0.79375,True,0.7083333333333334,True,10.0,,0.0,True
qwen3.5-9b-base__C2,qwen3.5-9b-base,C2,reasoning,9.0,50,16,42,10,12,0.5,1.0,0.9166666666666667,0.6857142857142857,0.5083333333333334,0.7958333333333334,True,0.7083333333333334,True,0.1,,0.0,True
qwen3.5-9b-base__C2,qwen3.5-9b-base,C2,reasoning,9.0,75,24,42,10,12,0.5,1.0,0.9166666666666667,0.7714285714285714,0.4916666666666667,0.7166666666666667,True,0.7083333333333334,True,0.01,,0.0,True
qwen3.5-9b-base__C2,qwen3.5-9b-base,C2,reasoning,9.0,100,32,42,10,12,0.5,1.0,0.9166666666666667,0.8285714285714286,0.4520833333333333,0.7083333333333334,True,0.7083333333333334,True,0.1,,0.0,True
qwen3.5-9b-base__C3,qwen3.5-9b-base,C3,reasoning,9.0,0,0,35,12,9,0.22857142857142856,0.5,0.5,0.5,0.5,0.5,False,0.9,False,0.01,0.0,0.0,False
qwen3.5-9b-base__C3,qwen3.5-9b-base,C3,reasoning,9.0,25,8,35,12,9,0.22857142857142856,1.0,0.9,0.39999999999999997,0.5075000000000001,0.8050000000000002,True,0.9,False,1.0,,0.0,True
qwen3.5-9b-base__C3,qwen3.5-9b-base,C3,reasoning,9.0,50,16,35,12,9,0.22857142857142856,1.0,0.9,0.45000000000000007,0.5725,0.8575000000000002,True,0.9,False,0.01,,0.0,True
qwen3.5-9b-base__C3,qwen3.5-9b-base,C3,reasoning,9.0,75,24,35,12,9,0.22857142857142856,1.0,0.8,0.35,0.4800000000000001,0.75,True,0.9,False,0.01,,0.0,True
qwen3.5-9b-base__C3,qwen3.5-9b-base,C3,reasoning,9.0,100,32,35,12,9,0.22857142857142856,1.0,0.6,0.5,0.595,0.8025000000000001,False,0.9,False,0.01,,0.0,False
