cell,model,tier,family,params_b,layer_pct,layer_index,n_train,n_cal,n_test,base_rate,auroc_train,auroc_cal,auroc_test,auroc_null_mean,auroc_null_p95,beats_null,auroc_surface,beats_surface,nonfinite_frac,meets_gate
qwen2.5-1.5b-instruct__R1,qwen2.5-1.5b-instruct,R1,retrieval,1.54,0,0,600,200,200,0.3433333333333333,0.5039364742989503,0.5078125,0.5145985401459854,0.50234375,0.5078125,False,0.7913411458333334,False,0.0,False
qwen2.5-1.5b-instruct__R1,qwen2.5-1.5b-instruct,R1,retrieval,1.54,25,7,600,200,200,0.3433333333333333,0.9997412646000691,0.806857638888889,0.8725524272969528,0.49244249131944445,0.5780327690972222,True,0.7913411458333334,True,0.0,True
qwen2.5-1.5b-instruct__R1,qwen2.5-1.5b-instruct,R1,retrieval,1.54,50,14,600,200,200,0.3433333333333333,0.9998767926666995,0.8483072916666667,0.8562159657050168,0.4863715277777777,0.5365125868055557,True,0.7913411458333334,True,0.0,True
qwen2.5-1.5b-instruct__R1,qwen2.5-1.5b-instruct,R1,retrieval,1.54,75,21,600,200,200,0.3433333333333333,0.9997043024000789,0.8645833333333333,0.8601552543158383,0.475830078125,0.6054904513888889,True,0.7913411458333334,True,0.0,True
qwen2.5-1.5b-instruct__R1,qwen2.5-1.5b-instruct,R1,retrieval,1.54,100,28,600,200,200,0.3433333333333333,0.9999383963333498,0.841037326388889,0.848916695632024,0.48511284722222214,0.5640190972222222,True,0.7913411458333334,True,0.0,True
qwen2.5-1.5b-instruct__C1,qwen2.5-1.5b-instruct,C1,reasoning,1.54,0,0,600,200,200,0.5166666666666667,0.5445773081201335,0.5504587155963303,0.5153061224489796,0.5041284403669726,0.5321100917431192,True,0.5351345901804617,True,0.0,False
qwen2.5-1.5b-instruct__C1,qwen2.5-1.5b-instruct,C1,reasoning,1.54,25,7,600,200,200,0.5166666666666667,0.9997997775305895,0.7655005544913802,0.7396958783513405,0.49681419497933266,0.56062607117653,True,0.5351345901804617,True,0.0,True
qwen2.5-1.5b-instruct__C1,qwen2.5-1.5b-instruct,C1,reasoning,1.54,50,14,600,200,200,0.5166666666666667,1.0,0.762778505897772,0.7260904361744698,0.4969351749168263,0.5401552575864503,True,0.5351345901804617,True,0.0,True
qwen2.5-1.5b-instruct__C1,qwen2.5-1.5b-instruct,C1,reasoning,1.54,75,21,600,200,200,0.5166666666666667,1.0,0.7373727190240952,0.6536614645858343,0.49986893840104846,0.5674816009678394,True,0.5351345901804617,True,0.0,True
qwen2.5-1.5b-instruct__C1,qwen2.5-1.5b-instruct,C1,reasoning,1.54,100,28,600,200,200,0.5166666666666667,1.0,0.7158987801189636,0.6975790316126451,0.5055751587861679,0.5660500050408308,True,0.5351345901804617,True,0.0,True
qwen2.5-1.5b-instruct__C2,qwen2.5-1.5b-instruct,C2,reasoning,1.54,0,0,600,200,200,0.38666666666666666,0.6278930847076462,0.6587301587301587,0.5892857142857143,0.5190476190476191,0.5726190476190476,True,0.6314350064350064,True,0.0,True
qwen2.5-1.5b-instruct__C2,qwen2.5-1.5b-instruct,C2,reasoning,1.54,25,7,600,200,200,0.38666666666666666,0.9991800974512743,0.8006220506220506,0.7441152597402597,0.5213052338052339,0.6096203346203347,True,0.6314350064350064,True,0.0,True
qwen2.5-1.5b-instruct__C2,qwen2.5-1.5b-instruct,C2,reasoning,1.54,50,14,600,200,200,0.38666666666666666,1.0,0.754075504075504,0.7036323051948052,0.5152456027456027,0.5856713856713858,True,0.6314350064350064,True,0.0,True
qwen2.5-1.5b-instruct__C2,qwen2.5-1.5b-instruct,C2,reasoning,1.54,75,21,600,200,200,0.38666666666666666,1.0,0.7916130416130416,0.682325487012987,0.5151598026598025,0.5960478335478335,True,0.6314350064350064,True,0.0,True
qwen2.5-1.5b-instruct__C2,qwen2.5-1.5b-instruct,C2,reasoning,1.54,100,28,600,200,200,0.38666666666666666,1.0,0.7547190047190047,0.6502637987012987,0.5332421707421708,0.6022468897468898,True,0.6314350064350064,True,0.0,True
qwen2.5-3b-instruct__R1,qwen2.5-3b-instruct,R1,retrieval,3.09,0,0,600,200,200,0.3883333333333333,0.510899182561308,0.5082644628099173,0.516,0.5,0.5082644628099173,False,0.8217909823203264,False,0.0,False
qwen2.5-3b-instruct__R1,qwen2.5-3b-instruct,R1,retrieval,3.09,25,9,600,200,200,0.3883333333333333,0.9993801966998398,0.8285385500575374,0.87264,0.5095302855947275,0.6095669003033791,True,0.8217909823203264,True,0.0,True
qwen2.5-3b-instruct__R1,qwen2.5-3b-instruct,R1,retrieval,3.09,50,18,600,200,200,0.3883333333333333,0.9999883055981101,0.8513442828747777,0.8598399999999999,0.5100167381525263,0.5755413746207761,True,0.8217909823203264,True,0.0,True
qwen2.5-3b-instruct__R1,qwen2.5-3b-instruct,R1,retrieval,3.09,75,27,600,200,200,0.3883333333333333,1.0,0.9108693377968408,0.8616533333333334,0.5066560309655822,0.5778847159744742,True,0.8217909823203264,True,0.0,True
qwen2.5-3b-instruct__R1,qwen2.5-3b-instruct,R1,retrieval,3.09,100,36,600,200,200,0.3883333333333333,1.0,0.8836698399414165,0.8692266666666668,0.4855424207553091,0.5726488126373052,True,0.8217909823203264,True,0.0,True
qwen2.5-3b-instruct__C1,qwen2.5-3b-instruct,C1,reasoning,3.09,0,0,600,200,200,0.395,0.5034813032511536,0.505764411027569,0.49065420560747663,0.4983784461152882,0.505764411027569,False,0.5797493734335839,False,0.0,False
qwen2.5-3b-instruct__C1,qwen2.5-3b-instruct,C1,reasoning,3.09,25,9,600,200,200,0.395,1.0,0.6664160401002506,0.7038488594111145,0.503077694235589,0.5472406015037594,True,0.5797493734335839,True,0.0,True
qwen2.5-3b-instruct__C1,qwen2.5-3b-instruct,C1,reasoning,3.09,50,18,600,200,200,0.395,1.0,0.696140350877193,0.716711888252437,0.4939573934837093,0.5754611528822056,True,0.5797493734335839,True,0.0,True
qwen2.5-3b-instruct__C1,qwen2.5-3b-instruct,C1,reasoning,3.09,75,27,600,200,200,0.395,1.0,0.6842606516290726,0.6366194352326399,0.4986040100250627,0.5512280701754385,True,0.5797493734335839,True,0.0,True
qwen2.5-3b-instruct__C1,qwen2.5-3b-instruct,C1,reasoning,3.09,100,36,600,200,200,0.395,0.9999767525659355,0.6973934837092732,0.6593307205305999,0.4986992481203008,0.5778646616541354,True,0.5797493734335839,True,0.0,True
qwen2.5-3b-instruct__C2,qwen2.5-3b-instruct,C2,reasoning,3.09,0,0,600,200,200,0.35833333333333334,0.5113742071881607,0.5,0.5039370078740157,0.5,0.5,False,0.5910553410553411,False,0.0,False
qwen2.5-3b-instruct__C2,qwen2.5-3b-instruct,C2,reasoning,3.09,25,9,600,200,200,0.35833333333333334,0.999975838115373,0.7045259545259546,0.6473951030093841,0.5086872586872587,0.5601136851136852,True,0.5910553410553411,True,0.0,True
qwen2.5-3b-instruct__C2,qwen2.5-3b-instruct,C2,reasoning,3.09,50,18,600,200,200,0.35833333333333334,0.999951676230746,0.6710639210639211,0.6140653651170316,0.5036304161304161,0.5647951522951522,True,0.5910553410553411,True,0.0,True
qwen2.5-3b-instruct__C2,qwen2.5-3b-instruct,C2,reasoning,3.09,75,27,600,200,200,0.35833333333333334,1.0,0.6810381810381811,0.5147233308165247,0.49523809523809526,0.5666988416988418,True,0.5910553410553411,True,0.0,True
qwen2.5-3b-instruct__C2,qwen2.5-3b-instruct,C2,reasoning,3.09,100,36,600,200,200,0.35833333333333334,1.0,0.6544401544401545,0.5326286269010894,0.5098670098670098,0.5909695409695411,True,0.5910553410553411,True,0.0,True
qwen2.5-7b-instruct__R1,qwen2.5-7b-instruct,R1,retrieval,7.62,0,0,600,200,200,0.45166666666666666,0.5239011204701713,0.507183908045977,0.48868709415584416,0.5008004926108373,0.5158045977011495,False,0.7989018883415435,False,0.0,False
qwen2.5-7b-instruct__R1,qwen2.5-7b-instruct,R1,retrieval,7.62,25,7,600,200,200,0.45166666666666666,1.0,0.791256157635468,0.7521306818181819,0.5011904761904762,0.6070710180623974,True,0.7989018883415435,False,0.0,True
qwen2.5-7b-instruct__R1,qwen2.5-7b-instruct,R1,retrieval,7.62,50,14,600,200,200,0.45166666666666666,1.0,0.8421592775041051,0.8295454545454546,0.5129926108374383,0.5715465927750409,True,0.7989018883415435,True,0.0,True
qwen2.5-7b-instruct__R1,qwen2.5-7b-instruct,R1,retrieval,7.62,75,21,600,200,200,0.45166666666666666,1.0,0.8496510673234812,0.8357853084415584,0.5054187192118227,0.5763546798029557,True,0.7989018883415435,True,0.0,True
qwen2.5-7b-instruct__R1,qwen2.5-7b-instruct,R1,retrieval,7.62,100,28,600,200,200,0.45166666666666666,1.0,0.832820197044335,0.770698051948052,0.5038331280788177,0.5721110426929393,True,0.7989018883415435,True,0.0,True
qwen2.5-7b-instruct__C1,qwen2.5-7b-instruct,C1,reasoning,7.62,0,0,600,200,200,0.5733333333333334,0.5087152525436046,0.4941176470588235,0.49615384615384617,0.5074705882352941,0.5176470588235293,False,0.6573913043478261,False,0.0,False
qwen2.5-7b-instruct__C1,qwen2.5-7b-instruct,C1,reasoning,7.62,25,7,600,200,200,0.5733333333333334,1.0,0.7143734015345268,0.7258241758241759,0.4860664961636828,0.5460767263427111,True,0.6573913043478261,True,0.0,True
qwen2.5-7b-instruct__C1,qwen2.5-7b-instruct,C1,reasoning,7.62,50,14,600,200,200,0.5733333333333334,1.0,0.7573401534526853,0.7439010989010988,0.49966751918158564,0.566915601023018,True,0.6573913043478261,True,0.0,True
qwen2.5-7b-instruct__C1,qwen2.5-7b-instruct,C1,reasoning,7.62,75,21,600,200,200,0.5733333333333334,1.0,0.7382608695652174,0.7754945054945056,0.4941202046035805,0.5614373401534527,True,0.6573913043478261,True,0.0,True
qwen2.5-7b-instruct__C1,qwen2.5-7b-instruct,C1,reasoning,7.62,100,28,600,200,200,0.5733333333333334,1.0,0.7049616368286444,0.7693406593406593,0.5091406649616369,0.58706905370844,True,0.6573913043478261,True,0.0,True
qwen2.5-7b-instruct__C2,qwen2.5-7b-instruct,C2,reasoning,7.62,0,0,600,200,200,0.53,0.5119541460368437,0.5210526315789474,0.4954545454545455,0.5098771929824562,0.5214561403508773,False,0.6148370927318296,False,0.0,False
qwen2.5-7b-instruct__C2,qwen2.5-7b-instruct,C2,reasoning,7.62,25,7,600,200,200,0.53,1.0,0.6563408521303258,0.6187878787878789,0.49564661654135345,0.5659924812030075,True,0.6148370927318296,True,0.0,True
qwen2.5-7b-instruct__C2,qwen2.5-7b-instruct,C2,reasoning,7.62,50,14,600,200,200,0.53,1.0,0.6653634085213033,0.6405050505050506,0.5002832080200502,0.5643809523809524,True,0.6148370927318296,True,0.0,True
qwen2.5-7b-instruct__C2,qwen2.5-7b-instruct,C2,reasoning,7.62,75,21,600,200,200,0.53,1.0,0.6825062656641604,0.6577777777777778,0.5038145363408522,0.567563909774436,True,0.6148370927318296,True,0.0,True
qwen2.5-7b-instruct__C2,qwen2.5-7b-instruct,C2,reasoning,7.62,100,28,600,200,200,0.53,1.0,0.6415037593984962,0.6523232323232323,0.5014185463659148,0.5500802005012531,True,0.6148370927318296,True,0.0,False
qwen2.5-7b-instruct__C3,qwen2.5-7b-instruct,C3,reasoning,7.62,0,0,600,200,200,0.20666666666666667,0.5181028056383844,0.5031055900621118,0.5030864197530864,0.5021739130434784,0.5322503583373148,False,0.6149068322981367,False,0.0,False
qwen2.5-7b-instruct__C3,qwen2.5-7b-instruct,C3,reasoning,7.62,25,7,600,200,200,0.20666666666666667,1.0,0.6687370600414079,0.6408382066276803,0.5157907310081224,0.5970536709667145,True,0.6149068322981367,True,0.0,True
qwen2.5-7b-instruct__C3,qwen2.5-7b-instruct,C3,reasoning,7.62,50,14,600,200,200,0.20666666666666667,1.0,0.5997770345596432,0.596816114359974,0.5170887083930561,0.56917502787068,True,0.6149068322981367,False,0.0,False
qwen2.5-7b-instruct__C3,qwen2.5-7b-instruct,C3,reasoning,7.62,75,21,600,200,200,0.20666666666666667,1.0,0.615066093326963,0.6374269005847953,0.5290969899665551,0.5853320592451028,True,0.6149068322981367,True,0.0,False
qwen2.5-7b-instruct__C3,qwen2.5-7b-instruct,C3,reasoning,7.62,100,28,600,200,200,0.20666666666666667,1.0,0.5562987736900781,0.6458739441195582,0.4992275840101927,0.561291606943781,False,0.6149068322981367,False,0.0,False
